  Running VPC CRC Check - vgui_controls.vpc
  AnalogBar.cpp
  AnimatingImagePanel.cpp
  AnimationController.cpp
  BitmapImagePanel.cpp
  BuildFactoryHelper.cpp
  BuildGroup.cpp
  BuildModeDialog.cpp
  Button.cpp
c:\users\hp\documents\hl2sb-src\src\public\tier1\utlmemory.h(422): error C2027: use of undefined type 'type_info' (BuildFactoryHelper.cpp)
          c:\users\hp\documents\hl2sb-src\src\vgui2\vgui_controls\predefined c++ types (compiler internal)(127) : see declaration of 'type_info'
          c:\users\hp\documents\hl2sb-src\src\public\tier1\utlmemory.h(414) : while compiling class template member function 'CUtlMemory<T,int>::CUtlMemory(int,int)'
          with
          [
              T=vgui::MessageMapItem_t
          ]
          c:\users\hp\documents\hl2sb-src\src\public\tier1\utlvector.h(555) : see reference to function template instantiation 'CUtlMemory<T,int>::CUtlMemory(int,int)' being compiled
          with
          [
              T=vgui::MessageMapItem_t
          ]
          c:\users\hp\documents\hl2sb-src\src\public\tier1\utlvector.h(553) : while compiling class template member function 'CUtlVector<vgui::MessageMapItem_t,CUtlMemory<T,int>>::CUtlVector(int,int)'
          with
          [
              T=vgui::MessageMapItem_t
          ]
          c:\users\hp\documents\hl2sb-src\src\public\vgui_controls\messagemap.h(238) : see reference to function template instantiation 'CUtlVector<vgui::MessageMapItem_t,CUtlMemory<T,int>>::CUtlVector(int,int)' being compiled
          with
          [
              T=vgui::MessageMapItem_t
          ]
          c:\users\hp\documents\hl2sb-src\src\public\vgui_controls\messagemap.h(245) : see reference to class template instantiation 'CUtlVector<vgui::MessageMapItem_t,CUtlMemory<T,int>>' being compiled
          with
          [
              T=vgui::MessageMapItem_t
          ]
c:\users\hp\documents\hl2sb-src\src\public\tier1\utlmemory.h(422): error C2228: left of '.name' must have class/struct/union (BuildFactoryHelper.cpp)
c:\users\hp\documents\hl2sb-src\src\public\tier1\utlmemory.h(422): error C2664: 'CMemAllocAttributeAlloction::CMemAllocAttributeAlloction(const CMemAllocAttributeAlloction &)' : cannot convert argument 1 from 'int' to 'const CMemAllocAttributeAlloction &' (BuildFactoryHelper.cpp)
          Reason: cannot convert from 'int' to 'const CMemAllocAttributeAlloction'
          No constructor could take the source type, or constructor overload resolution was ambiguous
  CheckButton.cpp
c:\users\hp\documents\hl2sb-src\src\public\tier1\utlmemory.h(422): error C2027: use of undefined type 'type_info' (BitmapImagePanel.cpp)
          c:\users\hp\documents\hl2sb-src\src\vgui2\vgui_controls\predefined c++ types (compiler internal)(127) : see declaration of 'type_info'
          c:\users\hp\documents\hl2sb-src\src\public\tier1\utlmemory.h(414) : while compiling class template member function 'CUtlMemory<T,int>::CUtlMemory(int,int)'
          with
          [
              T=vgui::MessageMapItem_t
          ]
          c:\users\hp\documents\hl2sb-src\src\public\tier1\utlvector.h(555) : see reference to function template instantiation 'CUtlMemory<T,int>::CUtlMemory(int,int)' being compiled
          with
          [
              T=vgui::MessageMapItem_t
          ]
          c:\users\hp\documents\hl2sb-src\src\public\tier1\utlvector.h(553) : while compiling class template member function 'CUtlVector<vgui::MessageMapItem_t,CUtlMemory<T,int>>::CUtlVector(int,int)'
          with
          [
              T=vgui::MessageMapItem_t
          ]
          c:\users\hp\documents\hl2sb-src\src\public\vgui_controls\messagemap.h(238) : see reference to function template instantiation 'CUtlVector<vgui::MessageMapItem_t,CUtlMemory<T,int>>::CUtlVector(int,int)' being compiled
          with
          [
              T=vgui::MessageMapItem_t
          ]
          c:\users\hp\documents\hl2sb-src\src\public\vgui_controls\messagemap.h(245) : see reference to class template instantiation 'CUtlVector<vgui::MessageMapItem_t,CUtlMemory<T,int>>' being compiled
          with
          [
              T=vgui::MessageMapItem_t
          ]
c:\users\hp\documents\hl2sb-src\src\public\tier1\utlmemory.h(422): error C2228: left of '.name' must have class/struct/union (BitmapImagePanel.cpp)
c:\users\hp\documents\hl2sb-src\src\public\tier1\utlmemory.h(422): error C2664: 'CMemAllocAttributeAlloction::CMemAllocAttributeAlloction(const CMemAllocAttributeAlloction &)' : cannot convert argument 1 from 'int' to 'const CMemAllocAttributeAlloction &' (BitmapImagePanel.cpp)
          Reason: cannot convert from 'int' to 'const CMemAllocAttributeAlloction'
          No constructor could take the source type, or constructor overload resolution was ambiguous
          c:\users\hp\documents\hl2sb-src\src\vgui2\vgui_controls\predefined c++ types (compiler internal)(127) : see declaration of 'type_info'
          c:\users\hp\documents\hl2sb-src\src\vgui2\vgui_controls\predefined c++ types (compiler internal)(127) : see declaration of 'type_info'
          c:\users\hp\documents\hl2sb-src\src\vgui2\vgui_controls\predefined c++ types (compiler internal)(127) : see declaration of 'type_info'
          c:\users\hp\documents\hl2sb-src\src\vgui2\vgui_controls\predefined c++ types (compiler internal)(127) : see declaration of 'type_info'
  CheckButtonList.cpp
c:\users\hp\documents\hl2sb-src\src\public\tier1\utlmemory.h(422): error C2027: use of undefined type 'type_info' (AnimatingImagePanel.cpp)
          c:\users\hp\documents\hl2sb-src\src\vgui2\vgui_controls\predefined c++ types (compiler internal)(127) : see declaration of 'type_info'
          c:\users\hp\documents\hl2sb-src\src\public\tier1\utlmemory.h(414) : while compiling class template member function 'CUtlMemory<T,int>::CUtlMemory(int,int)'
          with
          [
              T=vgui::MessageMapItem_t
          ]
          c:\users\hp\documents\hl2sb-src\src\public\tier1\utlvector.h(555) : see reference to function template instantiation 'CUtlMemory<T,int>::CUtlMemory(int,int)' being compiled
          with
          [
              T=vgui::MessageMapItem_t
          ]
          c:\users\hp\documents\hl2sb-src\src\public\tier1\utlvector.h(553) : while compiling class template member function 'CUtlVector<vgui::MessageMapItem_t,CUtlMemory<T,int>>::CUtlVector(int,int)'
          with
          [
              T=vgui::MessageMapItem_t
          ]
          c:\users\hp\documents\hl2sb-src\src\public\vgui_controls\messagemap.h(238) : see reference to function template instantiation 'CUtlVector<vgui::MessageMapItem_t,CUtlMemory<T,int>>::CUtlVector(int,int)' being compiled
          with
          [
              T=vgui::MessageMapItem_t
          ]
          c:\users\hp\documents\hl2sb-src\src\public\vgui_controls\messagemap.h(245) : see reference to class template instantiation 'CUtlVector<vgui::MessageMapItem_t,CUtlMemory<T,int>>' being compiled
          with
          [
              T=vgui::MessageMapItem_t
          ]
c:\users\hp\documents\hl2sb-src\src\public\tier1\utlmemory.h(422): error C2228: left of '.name' must have class/struct/union (AnimatingImagePanel.cpp)
c:\users\hp\documents\hl2sb-src\src\public\tier1\utlmemory.h(422): error C2664: 'CMemAllocAttributeAlloction::CMemAllocAttributeAlloction(const CMemAllocAttributeAlloction &)' : cannot convert argument 1 from 'int' to 'const CMemAllocAttributeAlloction &' (AnimatingImagePanel.cpp)
          Reason: cannot convert from 'int' to 'const CMemAllocAttributeAlloction'
          No constructor could take the source type, or constructor overload resolution was ambiguous
          c:\users\hp\documents\hl2sb-src\src\vgui2\vgui_controls\predefined c++ types (compiler internal)(127) : see declaration of 'type_info'
c:\users\hp\documents\hl2sb-src\src\public\tier1\utlmemory.h(422): error C2027: use of undefined type 'type_info' (AnalogBar.cpp)
          c:\users\hp\documents\hl2sb-src\src\vgui2\vgui_controls\predefined c++ types (compiler internal)(127) : see declaration of 'type_info'
          c:\users\hp\documents\hl2sb-src\src\public\tier1\utlmemory.h(414) : while compiling class template member function 'CUtlMemory<T,int>::CUtlMemory(int,int)'
          with
          [
              T=vgui::MessageMapItem_t
          ]
          c:\users\hp\documents\hl2sb-src\src\public\tier1\utlvector.h(555) : see reference to function template instantiation 'CUtlMemory<T,int>::CUtlMemory(int,int)' being compiled
          with
          [
              T=vgui::MessageMapItem_t
          ]
          c:\users\hp\documents\hl2sb-src\src\public\tier1\utlvector.h(553) : while compiling class template member function 'CUtlVector<vgui::MessageMapItem_t,CUtlMemory<T,int>>::CUtlVector(int,int)'
          with
          [
              T=vgui::MessageMapItem_t
          ]
          c:\users\hp\documents\hl2sb-src\src\public\vgui_controls\messagemap.h(238) : see reference to function template instantiation 'CUtlVector<vgui::MessageMapItem_t,CUtlMemory<T,int>>::CUtlVector(int,int)' being compiled
          with
          [
              T=vgui::MessageMapItem_t
          ]
          c:\users\hp\documents\hl2sb-src\src\public\vgui_controls\messagemap.h(245) : see reference to class template instantiation 'CUtlVector<vgui::MessageMapItem_t,CUtlMemory<T,int>>' being compiled
          with
          [
              T=vgui::MessageMapItem_t
          ]
c:\users\hp\documents\hl2sb-src\src\public\tier1\utlmemory.h(422): error C2228: left of '.name' must have class/struct/union (AnalogBar.cpp)
c:\users\hp\documents\hl2sb-src\src\public\tier1\utlmemory.h(422): error C2664: 'CMemAllocAttributeAlloction::CMemAllocAttributeAlloction(const CMemAllocAttributeAlloction &)' : cannot convert argument 1 from 'int' to 'const CMemAllocAttributeAlloction &' (AnalogBar.cpp)
          Reason: cannot convert from 'int' to 'const CMemAllocAttributeAlloction'
          No constructor could take the source type, or constructor overload resolution was ambiguous
          c:\users\hp\documents\hl2sb-src\src\vgui2\vgui_controls\predefined c++ types (compiler internal)(127) : see declaration of 'type_info'
          c:\users\hp\documents\hl2sb-src\src\vgui2\vgui_controls\predefined c++ types (compiler internal)(127) : see declaration of 'type_info'
          c:\users\hp\documents\hl2sb-src\src\vgui2\vgui_controls\predefined c++ types (compiler internal)(127) : see declaration of 'type_info'
          c:\users\hp\documents\hl2sb-src\src\vgui2\vgui_controls\predefined c++ types (compiler internal)(127) : see declaration of 'type_info'
          c:\users\hp\documents\hl2sb-src\src\vgui2\vgui_controls\predefined c++ types (compiler internal)(127) : see declaration of 'type_info'
          c:\users\hp\documents\hl2sb-src\src\vgui2\vgui_controls\predefined c++ types (compiler internal)(127) : see declaration of 'type_info'
          c:\users\hp\documents\hl2sb-src\src\vgui2\vgui_controls\predefined c++ types (compiler internal)(127) : see declaration of 'type_info'
          c:\users\hp\documents\hl2sb-src\src\vgui2\vgui_controls\predefined c++ types (compiler internal)(127) : see declaration of 'type_info'
  CircularProgressBar.cpp
  ComboBox.cpp
c:\users\hp\documents\hl2sb-src\src\public\tier1\utlmemory.h(422): error C2027: use of undefined type 'type_info' (Button.cpp)
          c:\users\hp\documents\hl2sb-src\src\vgui2\vgui_controls\predefined c++ types (compiler internal)(127) : see declaration of 'type_info'
          c:\users\hp\documents\hl2sb-src\src\public\tier1\utlmemory.h(414) : while compiling class template member function 'CUtlMemory<UtlRBTreeNode_t<T,I>,I>::CUtlMemory(int,int)'
          with
          [
              T=CUtlSymbolTable::CStringPoolIndex
  ,            I=unsigned short
          ]
          c:\users\hp\documents\hl2sb-src\src\public\tier1\utlrbtree.h(385) : see reference to function template instantiation 'CUtlMemory<UtlRBTreeNode_t<T,I>,I>::CUtlMemory(int,int)' being compiled
          with
          [
              T=CUtlSymbolTable::CStringPoolIndex
  ,            I=unsigned short
          ]
          c:\users\hp\documents\hl2sb-src\src\public\tier1\utlrbtree.h(378) : while compiling class template member function 'CUtlRBTree<CUtlSymbolTable::CStringPoolIndex,unsigned short,CUtlSymbolTable::CLess,CUtlMemory<UtlRBTreeNode_t<T,I>,I>>::CUtlRBTree(int,int,const CUtlSymbolTable::CLess &)'
          with
          [
              T=CUtlSymbolTable::CStringPoolIndex
  ,            I=unsigned short
          ]
          c:\users\hp\documents\hl2sb-src\src\public\tier1\utlsymbol.h(149) : see reference to function template instantiation 'CUtlRBTree<CUtlSymbolTable::CStringPoolIndex,unsigned short,CUtlSymbolTable::CLess,CUtlMemory<UtlRBTreeNode_t<T,I>,I>>::CUtlRBTree(int,int,const CUtlSymbolTable::CLess &)' being compiled
          with
          [
              T=CUtlSymbolTable::CStringPoolIndex
  ,            I=unsigned short
          ]
          c:\users\hp\documents\hl2sb-src\src\public\tier1\utlsymbol.h(147) : see reference to class template instantiation 'CUtlRBTree<CUtlSymbolTable::CStringPoolIndex,unsigned short,CUtlSymbolTable::CLess,CUtlMemory<UtlRBTreeNode_t<T,I>,I>>' being compiled
          with
          [
              T=CUtlSymbolTable::CStringPoolIndex
  ,            I=unsigned short
          ]
c:\users\hp\documents\hl2sb-src\src\public\tier1\utlmemory.h(422): error C2228: left of '.name' must have class/struct/union (Button.cpp)
c:\users\hp\documents\hl2sb-src\src\public\tier1\utlmemory.h(422): error C2664: 'CMemAllocAttributeAlloction::CMemAllocAttributeAlloction(const CMemAllocAttributeAlloction &)' : cannot convert argument 1 from 'int' to 'const CMemAllocAttributeAlloction &' (Button.cpp)
          Reason: cannot convert from 'int' to 'const CMemAllocAttributeAlloction'
          No constructor could take the source type, or constructor overload resolution was ambiguous
          c:\users\hp\documents\hl2sb-src\src\vgui2\vgui_controls\predefined c++ types (compiler internal)(127) : see declaration of 'type_info'
          c:\users\hp\documents\hl2sb-src\src\vgui2\vgui_controls\predefined c++ types (compiler internal)(127) : see declaration of 'type_info'
          c:\users\hp\documents\hl2sb-src\src\vgui2\vgui_controls\predefined c++ types (compiler internal)(127) : see declaration of 'type_info'
          c:\users\hp\documents\hl2sb-src\src\vgui2\vgui_controls\predefined c++ types (compiler internal)(127) : see declaration of 'type_info'
  consoledialog.cpp
c:\users\hp\documents\hl2sb-src\src\public\tier1\mempool.h(139): error C2027: use of undefined type 'type_info' (AnimationController.cpp)
          c:\users\hp\documents\hl2sb-src\src\vgui2\vgui_controls\predefined c++ types (compiler internal)(127) : see declaration of 'type_info'
          c:\users\hp\documents\hl2sb-src\src\public\tier1\mempool.h(138) : while compiling class template member function 'CClassMemoryPool<PanelAnimationMap>::CClassMemoryPool(int,int,int)'
          c:\users\hp\documents\hl2sb-src\src\vgui2\vgui_controls\animationcontroller.cpp(1507) : see reference to function template instantiation 'CClassMemoryPool<PanelAnimationMap>::CClassMemoryPool(int,int,int)' being compiled
          c:\users\hp\documents\hl2sb-src\src\vgui2\vgui_controls\animationcontroller.cpp(1528) : see reference to class template instantiation 'CClassMemoryPool<PanelAnimationMap>' being compiled
c:\users\hp\documents\hl2sb-src\src\public\tier1\mempool.h(139): error C2228: left of '.name' must have class/struct/union (AnimationController.cpp)
c:\users\hp\documents\hl2sb-src\src\public\tier1\mempool.h(139): error C2664: 'CUtlMemoryPool::CUtlMemoryPool(const CUtlMemoryPool &)' : cannot convert argument 4 from 'int' to 'const char *' (AnimationController.cpp)
          Conversion from integral type to pointer type requires reinterpret_cast, C-style cast or function-style cast
  ControllerMap.cpp
c:\users\hp\documents\hl2sb-src\src\public\tier1\utlmemory.h(422): error C2027: use of undefined type 'type_info' (BuildGroup.cpp)
          c:\users\hp\documents\hl2sb-src\src\vgui2\vgui_controls\predefined c++ types (compiler internal)(127) : see declaration of 'type_info'
          c:\users\hp\documents\hl2sb-src\src\public\tier1\utlmemory.h(414) : while compiling class template member function 'CUtlMemory<UtlRBTreeNode_t<T,I>,I>::CUtlMemory(int,int)'
          with
          [
              T=CUtlSymbolTable::CStringPoolIndex
  ,            I=unsigned short
          ]
          c:\users\hp\documents\hl2sb-src\src\public\tier1\utlrbtree.h(385) : see reference to function template instantiation 'CUtlMemory<UtlRBTreeNode_t<T,I>,I>::CUtlMemory(int,int)' being compiled
          with
          [
              T=CUtlSymbolTable::CStringPoolIndex
  ,            I=unsigned short
          ]
          c:\users\hp\documents\hl2sb-src\src\public\tier1\utlrbtree.h(378) : while compiling class template member function 'CUtlRBTree<CUtlSymbolTable::CStringPoolIndex,unsigned short,CUtlSymbolTable::CLess,CUtlMemory<UtlRBTreeNode_t<T,I>,I>>::CUtlRBTree(int,int,const CUtlSymbolTable::CLess &)'
          with
          [
              T=CUtlSymbolTable::CStringPoolIndex
  ,            I=unsigned short
          ]
          c:\users\hp\documents\hl2sb-src\src\public\tier1\utlsymbol.h(149) : see reference to function template instantiation 'CUtlRBTree<CUtlSymbolTable::CStringPoolIndex,unsigned short,CUtlSymbolTable::CLess,CUtlMemory<UtlRBTreeNode_t<T,I>,I>>::CUtlRBTree(int,int,const CUtlSymbolTable::CLess &)' being compiled
          with
          [
              T=CUtlSymbolTable::CStringPoolIndex
  ,            I=unsigned short
          ]
          c:\users\hp\documents\hl2sb-src\src\public\tier1\utlsymbol.h(147) : see reference to class template instantiation 'CUtlRBTree<CUtlSymbolTable::CStringPoolIndex,unsigned short,CUtlSymbolTable::CLess,CUtlMemory<UtlRBTreeNode_t<T,I>,I>>' being compiled
          with
          [
              T=CUtlSymbolTable::CStringPoolIndex
  ,            I=unsigned short
          ]
c:\users\hp\documents\hl2sb-src\src\public\tier1\utlmemory.h(422): error C2228: left of '.name' must have class/struct/union (BuildGroup.cpp)
c:\users\hp\documents\hl2sb-src\src\public\tier1\utlmemory.h(422): error C2664: 'CMemAllocAttributeAlloction::CMemAllocAttributeAlloction(const CMemAllocAttributeAlloction &)' : cannot convert argument 1 from 'int' to 'const CMemAllocAttributeAlloction &' (BuildGroup.cpp)
          Reason: cannot convert from 'int' to 'const CMemAllocAttributeAlloction'
          No constructor could take the source type, or constructor overload resolution was ambiguous
          c:\users\hp\documents\hl2sb-src\src\vgui2\vgui_controls\predefined c++ types (compiler internal)(127) : see declaration of 'type_info'
          c:\users\hp\documents\hl2sb-src\src\vgui2\vgui_controls\predefined c++ types (compiler internal)(127) : see declaration of 'type_info'
          c:\users\hp\documents\hl2sb-src\src\vgui2\vgui_controls\predefined c++ types (compiler internal)(127) : see declaration of 'type_info'
          c:\users\hp\documents\hl2sb-src\src\vgui2\vgui_controls\predefined c++ types (compiler internal)(127) : see declaration of 'type_info'
          c:\users\hp\documents\hl2sb-src\src\vgui2\vgui_controls\predefined c++ types (compiler internal)(127) : see declaration of 'type_info'
          c:\users\hp\documents\hl2sb-src\src\vgui2\vgui_controls\predefined c++ types (compiler internal)(127) : see declaration of 'type_info'
          c:\users\hp\documents\hl2sb-src\src\vgui2\vgui_controls\predefined c++ types (compiler internal)(127) : see declaration of 'type_info'
  controls.cpp
c:\users\hp\documents\hl2sb-src\src\public\tier1\utlmemory.h(422): error C2027: use of undefined type 'type_info' (BuildModeDialog.cpp)
          c:\users\hp\documents\hl2sb-src\src\vgui2\vgui_controls\predefined c++ types (compiler internal)(127) : see declaration of 'type_info'
          c:\users\hp\documents\hl2sb-src\src\public\tier1\utlmemory.h(414) : while compiling class template member function 'CUtlMemory<T,int>::CUtlMemory(int,int)'
          with
          [
              T=vgui::MessageMapItem_t
          ]
          c:\users\hp\documents\hl2sb-src\src\public\tier1\utlvector.h(555) : see reference to function template instantiation 'CUtlMemory<T,int>::CUtlMemory(int,int)' being compiled
          with
          [
              T=vgui::MessageMapItem_t
          ]
          c:\users\hp\documents\hl2sb-src\src\public\tier1\utlvector.h(553) : while compiling class template member function 'CUtlVector<vgui::MessageMapItem_t,CUtlMemory<T,int>>::CUtlVector(int,int)'
          with
          [
              T=vgui::MessageMapItem_t
          ]
          c:\users\hp\documents\hl2sb-src\src\public\vgui_controls\messagemap.h(238) : see reference to function template instantiation 'CUtlVector<vgui::MessageMapItem_t,CUtlMemory<T,int>>::CUtlVector(int,int)' being compiled
          with
          [
              T=vgui::MessageMapItem_t
          ]
          c:\users\hp\documents\hl2sb-src\src\public\vgui_controls\messagemap.h(245) : see reference to class template instantiation 'CUtlVector<vgui::MessageMapItem_t,CUtlMemory<T,int>>' being compiled
          with
          [
              T=vgui::MessageMapItem_t
          ]
c:\users\hp\documents\hl2sb-src\src\public\tier1\utlmemory.h(422): error C2228: left of '.name' must have class/struct/union (BuildModeDialog.cpp)
c:\users\hp\documents\hl2sb-src\src\public\tier1\utlmemory.h(422): error C2664: 'CMemAllocAttributeAlloction::CMemAllocAttributeAlloction(const CMemAllocAttributeAlloction &)' : cannot convert argument 1 from 'int' to 'const CMemAllocAttributeAlloction &' (BuildModeDialog.cpp)
          Reason: cannot convert from 'int' to 'const CMemAllocAttributeAlloction'
          No constructor could take the source type, or constructor overload resolution was ambiguous
          c:\users\hp\documents\hl2sb-src\src\vgui2\vgui_controls\predefined c++ types (compiler internal)(127) : see declaration of 'type_info'
          c:\users\hp\documents\hl2sb-src\src\vgui2\vgui_controls\predefined c++ types (compiler internal)(127) : see declaration of 'type_info'
          c:\users\hp\documents\hl2sb-src\src\vgui2\vgui_controls\predefined c++ types (compiler internal)(127) : see declaration of 'type_info'
          c:\users\hp\documents\hl2sb-src\src\vgui2\vgui_controls\predefined c++ types (compiler internal)(127) : see declaration of 'type_info'
          c:\users\hp\documents\hl2sb-src\src\vgui2\vgui_controls\predefined c++ types (compiler internal)(127) : see declaration of 'type_info'
          c:\users\hp\documents\hl2sb-src\src\vgui2\vgui_controls\predefined c++ types (compiler internal)(127) : see declaration of 'type_info'
          c:\users\hp\documents\hl2sb-src\src\vgui2\vgui_controls\predefined c++ types (compiler internal)(127) : see declaration of 'type_info'
          c:\users\hp\documents\hl2sb-src\src\vgui2\vgui_controls\predefined c++ types (compiler internal)(127) : see declaration of 'type_info'
  CvarToggleCheckButton.cpp
c:\users\hp\documents\hl2sb-src\src\public\tier1\utlmemory.h(422): error C2027: use of undefined type 'type_info' (CheckButton.cpp)
          c:\users\hp\documents\hl2sb-src\src\vgui2\vgui_controls\predefined c++ types (compiler internal)(127) : see declaration of 'type_info'
          c:\users\hp\documents\hl2sb-src\src\public\tier1\utlmemory.h(414) : while compiling class template member function 'CUtlMemory<T,int>::CUtlMemory(int,int)'
          with
          [
              T=vgui::MessageMapItem_t
          ]
          c:\users\hp\documents\hl2sb-src\src\public\tier1\utlvector.h(555) : see reference to function template instantiation 'CUtlMemory<T,int>::CUtlMemory(int,int)' being compiled
          with
          [
              T=vgui::MessageMapItem_t
          ]
          c:\users\hp\documents\hl2sb-src\src\public\tier1\utlvector.h(553) : while compiling class template member function 'CUtlVector<vgui::MessageMapItem_t,CUtlMemory<T,int>>::CUtlVector(int,int)'
          with
          [
              T=vgui::MessageMapItem_t
          ]
          c:\users\hp\documents\hl2sb-src\src\public\vgui_controls\messagemap.h(238) : see reference to function template instantiation 'CUtlVector<vgui::MessageMapItem_t,CUtlMemory<T,int>>::CUtlVector(int,int)' being compiled
          with
          [
              T=vgui::MessageMapItem_t
          ]
          c:\users\hp\documents\hl2sb-src\src\public\vgui_controls\messagemap.h(245) : see reference to class template instantiation 'CUtlVector<vgui::MessageMapItem_t,CUtlMemory<T,int>>' being compiled
          with
          [
              T=vgui::MessageMapItem_t
          ]
c:\users\hp\documents\hl2sb-src\src\public\tier1\utlmemory.h(422): error C2228: left of '.name' must have class/struct/union (CheckButton.cpp)
c:\users\hp\documents\hl2sb-src\src\public\tier1\utlmemory.h(422): error C2664: 'CMemAllocAttributeAlloction::CMemAllocAttributeAlloction(const CMemAllocAttributeAlloction &)' : cannot convert argument 1 from 'int' to 'const CMemAllocAttributeAlloction &' (CheckButton.cpp)
          Reason: cannot convert from 'int' to 'const CMemAllocAttributeAlloction'
          No constructor could take the source type, or constructor overload resolution was ambiguous
          c:\users\hp\documents\hl2sb-src\src\vgui2\vgui_controls\predefined c++ types (compiler internal)(127) : see declaration of 'type_info'
          c:\users\hp\documents\hl2sb-src\src\vgui2\vgui_controls\predefined c++ types (compiler internal)(127) : see declaration of 'type_info'
          c:\users\hp\documents\hl2sb-src\src\vgui2\vgui_controls\predefined c++ types (compiler internal)(127) : see declaration of 'type_info'
          c:\users\hp\documents\hl2sb-src\src\vgui2\vgui_controls\predefined c++ types (compiler internal)(127) : see declaration of 'type_info'
  DirectorySelectDialog.cpp
c:\users\hp\documents\hl2sb-src\src\public\tier1\utlvector.h(714): error C2027: use of undefined type 'type_info' (controls.cpp)
          c:\users\hp\documents\hl2sb-src\src\vgui2\vgui_controls\predefined c++ types (compiler internal)(127) : see declaration of 'type_info'
          c:\users\hp\documents\hl2sb-src\src\public\tier1\utlvector.h(711) : while compiling class template member function 'void CUtlVector<char *,CUtlMemory<char *,int>>::GrowVector(int)'
          c:\users\hp\documents\hl2sb-src\src\public\tier1\utlvector.h(879) : see reference to function template instantiation 'void CUtlVector<char *,CUtlMemory<char *,int>>::GrowVector(int)' being compiled
          c:\users\hp\documents\hl2sb-src\src\public\tier1\utlvector.h(681) : while compiling class template member function 'int CUtlVector<char *,CUtlMemory<char *,int>>::Count(void) const'
          c:\users\hp\documents\hl2sb-src\src\public\tier1\utlvector.h(858) : see reference to function template instantiation 'int CUtlVector<char *,CUtlMemory<char *,int>>::Count(void) const' being compiled
          c:\users\hp\documents\hl2sb-src\src\public\tier1\utlvector.h(568) : while compiling class template member function 'CUtlVector<char *,CUtlMemory<char *,int>>::~CUtlVector(void)'
          c:\users\hp\documents\hl2sb-src\src\public\tier1\utlvector.h(1179) : see reference to function template instantiation 'CUtlVector<char *,CUtlMemory<char *,int>>::~CUtlVector(void)' being compiled
          c:\users\hp\documents\hl2sb-src\src\public\tier1\utlvector.h(1176) : see reference to class template instantiation 'CUtlVector<char *,CUtlMemory<char *,int>>' being compiled
          c:\users\hp\documents\hl2sb-src\src\public\tier1\utlvector.h(1188) : see reference to class template instantiation 'CUtlVectorAutoPurge<char *>' being compiled
c:\users\hp\documents\hl2sb-src\src\public\tier1\utlvector.h(714): error C2228: left of '.name' must have class/struct/union (controls.cpp)
c:\users\hp\documents\hl2sb-src\src\public\tier1\utlvector.h(714): error C2664: 'CMemAllocAttributeAlloction::CMemAllocAttributeAlloction(const CMemAllocAttributeAlloction &)' : cannot convert argument 1 from 'int' to 'const CMemAllocAttributeAlloction &' (controls.cpp)
          Reason: cannot convert from 'int' to 'const CMemAllocAttributeAlloction'
          No constructor could take the source type, or constructor overload resolution was ambiguous
  Divider.cpp
c:\users\hp\documents\hl2sb-src\src\public\tier1\utlmemory.h(422): error C2027: use of undefined type 'type_info' (CircularProgressBar.cpp)
          c:\users\hp\documents\hl2sb-src\src\vgui2\vgui_controls\predefined c++ types (compiler internal)(127) : see declaration of 'type_info'
          c:\users\hp\documents\hl2sb-src\src\public\tier1\utlmemory.h(414) : while compiling class template member function 'CUtlMemory<T,int>::CUtlMemory(int,int)'
          with
          [
              T=vgui::MessageMapItem_t
          ]
          c:\users\hp\documents\hl2sb-src\src\public\tier1\utlvector.h(555) : see reference to function template instantiation 'CUtlMemory<T,int>::CUtlMemory(int,int)' being compiled
          with
          [
              T=vgui::MessageMapItem_t
          ]
          c:\users\hp\documents\hl2sb-src\src\public\tier1\utlvector.h(553) : while compiling class template member function 'CUtlVector<vgui::MessageMapItem_t,CUtlMemory<T,int>>::CUtlVector(int,int)'
          with
          [
              T=vgui::MessageMapItem_t
          ]
          c:\users\hp\documents\hl2sb-src\src\public\vgui_controls\messagemap.h(238) : see reference to function template instantiation 'CUtlVector<vgui::MessageMapItem_t,CUtlMemory<T,int>>::CUtlVector(int,int)' being compiled
          with
          [
              T=vgui::MessageMapItem_t
          ]
          c:\users\hp\documents\hl2sb-src\src\public\vgui_controls\messagemap.h(245) : see reference to class template instantiation 'CUtlVector<vgui::MessageMapItem_t,CUtlMemory<T,int>>' being compiled
          with
          [
              T=vgui::MessageMapItem_t
          ]
c:\users\hp\documents\hl2sb-src\src\public\tier1\utlmemory.h(422): error C2228: left of '.name' must have class/struct/union (CircularProgressBar.cpp)
c:\users\hp\documents\hl2sb-src\src\public\tier1\utlmemory.h(422): error C2664: 'CMemAllocAttributeAlloction::CMemAllocAttributeAlloction(const CMemAllocAttributeAlloction &)' : cannot convert argument 1 from 'int' to 'const CMemAllocAttributeAlloction &' (CircularProgressBar.cpp)
          Reason: cannot convert from 'int' to 'const CMemAllocAttributeAlloction'
          No constructor could take the source type, or constructor overload resolution was ambiguous
          c:\users\hp\documents\hl2sb-src\src\vgui2\vgui_controls\predefined c++ types (compiler internal)(127) : see declaration of 'type_info'
          c:\users\hp\documents\hl2sb-src\src\vgui2\vgui_controls\predefined c++ types (compiler internal)(127) : see declaration of 'type_info'
          c:\users\hp\documents\hl2sb-src\src\vgui2\vgui_controls\predefined c++ types (compiler internal)(127) : see declaration of 'type_info'
          c:\users\hp\documents\hl2sb-src\src\vgui2\vgui_controls\predefined c++ types (compiler internal)(127) : see declaration of 'type_info'
  EditablePanel.cpp
c:\users\hp\documents\hl2sb-src\src\public\tier1\utlmemory.h(422): error C2027: use of undefined type 'type_info' (CheckButtonList.cpp)
          c:\users\hp\documents\hl2sb-src\src\vgui2\vgui_controls\predefined c++ types (compiler internal)(127) : see declaration of 'type_info'
          c:\users\hp\documents\hl2sb-src\src\public\tier1\utlmemory.h(414) : while compiling class template member function 'CUtlMemory<T,int>::CUtlMemory(int,int)'
          with
          [
              T=vgui::MessageMapItem_t
          ]
          c:\users\hp\documents\hl2sb-src\src\public\tier1\utlvector.h(555) : see reference to function template instantiation 'CUtlMemory<T,int>::CUtlMemory(int,int)' being compiled
          with
          [
              T=vgui::MessageMapItem_t
          ]
          c:\users\hp\documents\hl2sb-src\src\public\tier1\utlvector.h(553) : while compiling class template member function 'CUtlVector<vgui::MessageMapItem_t,CUtlMemory<T,int>>::CUtlVector(int,int)'
          with
          [
              T=vgui::MessageMapItem_t
          ]
          c:\users\hp\documents\hl2sb-src\src\public\vgui_controls\messagemap.h(238) : see reference to function template instantiation 'CUtlVector<vgui::MessageMapItem_t,CUtlMemory<T,int>>::CUtlVector(int,int)' being compiled
          with
          [
              T=vgui::MessageMapItem_t
          ]
          c:\users\hp\documents\hl2sb-src\src\public\vgui_controls\messagemap.h(245) : see reference to class template instantiation 'CUtlVector<vgui::MessageMapItem_t,CUtlMemory<T,int>>' being compiled
          with
          [
              T=vgui::MessageMapItem_t
          ]
c:\users\hp\documents\hl2sb-src\src\public\tier1\utlmemory.h(422): error C2228: left of '.name' must have class/struct/union (CheckButtonList.cpp)
c:\users\hp\documents\hl2sb-src\src\public\tier1\utlmemory.h(422): error C2664: 'CMemAllocAttributeAlloction::CMemAllocAttributeAlloction(const CMemAllocAttributeAlloction &)' : cannot convert argument 1 from 'int' to 'const CMemAllocAttributeAlloction &' (CheckButtonList.cpp)
          Reason: cannot convert from 'int' to 'const CMemAllocAttributeAlloction'
          No constructor could take the source type, or constructor overload resolution was ambiguous
          c:\users\hp\documents\hl2sb-src\src\vgui2\vgui_controls\predefined c++ types (compiler internal)(127) : see declaration of 'type_info'
          c:\users\hp\documents\hl2sb-src\src\vgui2\vgui_controls\predefined c++ types (compiler internal)(127) : see declaration of 'type_info'
          c:\users\hp\documents\hl2sb-src\src\vgui2\vgui_controls\predefined c++ types (compiler internal)(127) : see declaration of 'type_info'
          c:\users\hp\documents\hl2sb-src\src\vgui2\vgui_controls\predefined c++ types (compiler internal)(127) : see declaration of 'type_info'
          c:\users\hp\documents\hl2sb-src\src\vgui2\vgui_controls\predefined c++ types (compiler internal)(127) : see declaration of 'type_info'
  ExpandButton.cpp
c:\users\hp\documents\hl2sb-src\src\public\tier1\utlmemory.h(422): error C2027: use of undefined type 'type_info' (ControllerMap.cpp)
          c:\users\hp\documents\hl2sb-src\src\vgui2\vgui_controls\predefined c++ types (compiler internal)(127) : see declaration of 'type_info'
          c:\users\hp\documents\hl2sb-src\src\public\tier1\utlmemory.h(414) : while compiling class template member function 'CUtlMemory<T,int>::CUtlMemory(int,int)'
          with
          [
              T=vgui::MessageMapItem_t
          ]
          c:\users\hp\documents\hl2sb-src\src\public\tier1\utlvector.h(555) : see reference to function template instantiation 'CUtlMemory<T,int>::CUtlMemory(int,int)' being compiled
          with
          [
              T=vgui::MessageMapItem_t
          ]
          c:\users\hp\documents\hl2sb-src\src\public\tier1\utlvector.h(553) : while compiling class template member function 'CUtlVector<vgui::MessageMapItem_t,CUtlMemory<T,int>>::CUtlVector(int,int)'
          with
          [
              T=vgui::MessageMapItem_t
          ]
          c:\users\hp\documents\hl2sb-src\src\public\vgui_controls\messagemap.h(238) : see reference to function template instantiation 'CUtlVector<vgui::MessageMapItem_t,CUtlMemory<T,int>>::CUtlVector(int,int)' being compiled
          with
          [
              T=vgui::MessageMapItem_t
          ]
          c:\users\hp\documents\hl2sb-src\src\public\vgui_controls\messagemap.h(245) : see reference to class template instantiation 'CUtlVector<vgui::MessageMapItem_t,CUtlMemory<T,int>>' being compiled
          with
          [
              T=vgui::MessageMapItem_t
          ]
c:\users\hp\documents\hl2sb-src\src\public\tier1\utlmemory.h(422): error C2228: left of '.name' must have class/struct/union (ControllerMap.cpp)
c:\users\hp\documents\hl2sb-src\src\public\tier1\utlmemory.h(422): error C2664: 'CMemAllocAttributeAlloction::CMemAllocAttributeAlloction(const CMemAllocAttributeAlloction &)' : cannot convert argument 1 from 'int' to 'const CMemAllocAttributeAlloction &' (ControllerMap.cpp)
          Reason: cannot convert from 'int' to 'const CMemAllocAttributeAlloction'
          No constructor could take the source type, or constructor overload resolution was ambiguous
          c:\users\hp\documents\hl2sb-src\src\vgui2\vgui_controls\predefined c++ types (compiler internal)(127) : see declaration of 'type_info'
          c:\users\hp\documents\hl2sb-src\src\vgui2\vgui_controls\predefined c++ types (compiler internal)(127) : see declaration of 'type_info'
          c:\users\hp\documents\hl2sb-src\src\vgui2\vgui_controls\predefined c++ types (compiler internal)(127) : see declaration of 'type_info'
          c:\users\hp\documents\hl2sb-src\src\vgui2\vgui_controls\predefined c++ types (compiler internal)(127) : see declaration of 'type_info'
          c:\users\hp\documents\hl2sb-src\src\vgui2\vgui_controls\predefined c++ types (compiler internal)(127) : see declaration of 'type_info'
  FileOpenDialog.cpp
c:\users\hp\documents\hl2sb-src\src\public\tier1\utlmemory.h(422): error C2027: use of undefined type 'type_info' (ComboBox.cpp)
          c:\users\hp\documents\hl2sb-src\src\vgui2\vgui_controls\predefined c++ types (compiler internal)(127) : see declaration of 'type_info'
          c:\users\hp\documents\hl2sb-src\src\public\tier1\utlmemory.h(414) : while compiling class template member function 'CUtlMemory<T,int>::CUtlMemory(int,int)'
          with
          [
              T=vgui::MessageMapItem_t
          ]
          c:\users\hp\documents\hl2sb-src\src\public\tier1\utlvector.h(555) : see reference to function template instantiation 'CUtlMemory<T,int>::CUtlMemory(int,int)' being compiled
          with
          [
              T=vgui::MessageMapItem_t
          ]
          c:\users\hp\documents\hl2sb-src\src\public\tier1\utlvector.h(553) : while compiling class template member function 'CUtlVector<vgui::MessageMapItem_t,CUtlMemory<T,int>>::CUtlVector(int,int)'
          with
          [
              T=vgui::MessageMapItem_t
          ]
          c:\users\hp\documents\hl2sb-src\src\public\vgui_controls\messagemap.h(238) : see reference to function template instantiation 'CUtlVector<vgui::MessageMapItem_t,CUtlMemory<T,int>>::CUtlVector(int,int)' being compiled
          with
          [
              T=vgui::MessageMapItem_t
          ]
          c:\users\hp\documents\hl2sb-src\src\public\vgui_controls\messagemap.h(245) : see reference to class template instantiation 'CUtlVector<vgui::MessageMapItem_t,CUtlMemory<T,int>>' being compiled
          with
          [
              T=vgui::MessageMapItem_t
          ]
c:\users\hp\documents\hl2sb-src\src\public\tier1\utlmemory.h(422): error C2228: left of '.name' must have class/struct/union (ComboBox.cpp)
c:\users\hp\documents\hl2sb-src\src\public\tier1\utlmemory.h(422): error C2664: 'CMemAllocAttributeAlloction::CMemAllocAttributeAlloction(const CMemAllocAttributeAlloction &)' : cannot convert argument 1 from 'int' to 'const CMemAllocAttributeAlloction &' (ComboBox.cpp)
          Reason: cannot convert from 'int' to 'const CMemAllocAttributeAlloction'
          No constructor could take the source type, or constructor overload resolution was ambiguous
          c:\users\hp\documents\hl2sb-src\src\vgui2\vgui_controls\predefined c++ types (compiler internal)(127) : see declaration of 'type_info'
          c:\users\hp\documents\hl2sb-src\src\vgui2\vgui_controls\predefined c++ types (compiler internal)(127) : see declaration of 'type_info'
          c:\users\hp\documents\hl2sb-src\src\vgui2\vgui_controls\predefined c++ types (compiler internal)(127) : see declaration of 'type_info'
          c:\users\hp\documents\hl2sb-src\src\vgui2\vgui_controls\predefined c++ types (compiler internal)(127) : see declaration of 'type_info'
  FileOpenStateMachine.cpp
c:\users\hp\documents\hl2sb-src\src\public\tier1\utlmemory.h(422): error C2027: use of undefined type 'type_info' (consoledialog.cpp)
          c:\users\hp\documents\hl2sb-src\src\vgui2\vgui_controls\predefined c++ types (compiler internal)(127) : see declaration of 'type_info'
          c:\users\hp\documents\hl2sb-src\src\public\tier1\utlmemory.h(414) : while compiling class template member function 'CUtlMemory<T,int>::CUtlMemory(int,int)'
          with
          [
              T=vgui::MessageMapItem_t
          ]
          c:\users\hp\documents\hl2sb-src\src\public\tier1\utlvector.h(555) : see reference to function template instantiation 'CUtlMemory<T,int>::CUtlMemory(int,int)' being compiled
          with
          [
              T=vgui::MessageMapItem_t
          ]
          c:\users\hp\documents\hl2sb-src\src\public\tier1\utlvector.h(553) : while compiling class template member function 'CUtlVector<vgui::MessageMapItem_t,CUtlMemory<T,int>>::CUtlVector(int,int)'
          with
          [
              T=vgui::MessageMapItem_t
          ]
          c:\users\hp\documents\hl2sb-src\src\public\vgui_controls\messagemap.h(238) : see reference to function template instantiation 'CUtlVector<vgui::MessageMapItem_t,CUtlMemory<T,int>>::CUtlVector(int,int)' being compiled
          with
          [
              T=vgui::MessageMapItem_t
          ]
          c:\users\hp\documents\hl2sb-src\src\public\vgui_controls\messagemap.h(245) : see reference to class template instantiation 'CUtlVector<vgui::MessageMapItem_t,CUtlMemory<T,int>>' being compiled
          with
          [
              T=vgui::MessageMapItem_t
          ]
c:\users\hp\documents\hl2sb-src\src\public\tier1\utlmemory.h(422): error C2228: left of '.name' must have class/struct/union (consoledialog.cpp)
c:\users\hp\documents\hl2sb-src\src\public\tier1\utlmemory.h(422): error C2664: 'CMemAllocAttributeAlloction::CMemAllocAttributeAlloction(const CMemAllocAttributeAlloction &)' : cannot convert argument 1 from 'int' to 'const CMemAllocAttributeAlloction &' (consoledialog.cpp)
          Reason: cannot convert from 'int' to 'const CMemAllocAttributeAlloction'
          No constructor could take the source type, or constructor overload resolution was ambiguous
          c:\users\hp\documents\hl2sb-src\src\vgui2\vgui_controls\predefined c++ types (compiler internal)(127) : see declaration of 'type_info'
          c:\users\hp\documents\hl2sb-src\src\vgui2\vgui_controls\predefined c++ types (compiler internal)(127) : see declaration of 'type_info'
          c:\users\hp\documents\hl2sb-src\src\vgui2\vgui_controls\predefined c++ types (compiler internal)(127) : see declaration of 'type_info'
          c:\users\hp\documents\hl2sb-src\src\vgui2\vgui_controls\predefined c++ types (compiler internal)(127) : see declaration of 'type_info'
          c:\users\hp\documents\hl2sb-src\src\vgui2\vgui_controls\predefined c++ types (compiler internal)(127) : see declaration of 'type_info'
          c:\users\hp\documents\hl2sb-src\src\vgui2\vgui_controls\predefined c++ types (compiler internal)(127) : see declaration of 'type_info'
          c:\users\hp\documents\hl2sb-src\src\vgui2\vgui_controls\predefined c++ types (compiler internal)(127) : see declaration of 'type_info'
  filesystem_helpers.cpp
c:\users\hp\documents\hl2sb-src\src\public\tier1\utlmemory.h(422): error C2027: use of undefined type 'type_info' (CvarToggleCheckButton.cpp)
          c:\users\hp\documents\hl2sb-src\src\vgui2\vgui_controls\predefined c++ types (compiler internal)(127) : see declaration of 'type_info'
          c:\users\hp\documents\hl2sb-src\src\public\tier1\utlmemory.h(414) : while compiling class template member function 'CUtlMemory<T,int>::CUtlMemory(int,int)'
          with
          [
              T=vgui::MessageMapItem_t
          ]
          c:\users\hp\documents\hl2sb-src\src\public\tier1\utlvector.h(555) : see reference to function template instantiation 'CUtlMemory<T,int>::CUtlMemory(int,int)' being compiled
          with
          [
              T=vgui::MessageMapItem_t
          ]
          c:\users\hp\documents\hl2sb-src\src\public\tier1\utlvector.h(553) : while compiling class template member function 'CUtlVector<vgui::MessageMapItem_t,CUtlMemory<T,int>>::CUtlVector(int,int)'
          with
          [
              T=vgui::MessageMapItem_t
          ]
          c:\users\hp\documents\hl2sb-src\src\public\vgui_controls\messagemap.h(238) : see reference to function template instantiation 'CUtlVector<vgui::MessageMapItem_t,CUtlMemory<T,int>>::CUtlVector(int,int)' being compiled
          with
          [
              T=vgui::MessageMapItem_t
          ]
          c:\users\hp\documents\hl2sb-src\src\public\vgui_controls\messagemap.h(245) : see reference to class template instantiation 'CUtlVector<vgui::MessageMapItem_t,CUtlMemory<T,int>>' being compiled
          with
          [
              T=vgui::MessageMapItem_t
          ]
c:\users\hp\documents\hl2sb-src\src\public\tier1\utlmemory.h(422): error C2228: left of '.name' must have class/struct/union (CvarToggleCheckButton.cpp)
c:\users\hp\documents\hl2sb-src\src\public\tier1\utlmemory.h(422): error C2664: 'CMemAllocAttributeAlloction::CMemAllocAttributeAlloction(const CMemAllocAttributeAlloction &)' : cannot convert argument 1 from 'int' to 'const CMemAllocAttributeAlloction &' (CvarToggleCheckButton.cpp)
          Reason: cannot convert from 'int' to 'const CMemAllocAttributeAlloction'
          No constructor could take the source type, or constructor overload resolution was ambiguous
          c:\users\hp\documents\hl2sb-src\src\vgui2\vgui_controls\predefined c++ types (compiler internal)(127) : see declaration of 'type_info'
          c:\users\hp\documents\hl2sb-src\src\vgui2\vgui_controls\predefined c++ types (compiler internal)(127) : see declaration of 'type_info'
          c:\users\hp\documents\hl2sb-src\src\vgui2\vgui_controls\predefined c++ types (compiler internal)(127) : see declaration of 'type_info'
          c:\users\hp\documents\hl2sb-src\src\vgui2\vgui_controls\predefined c++ types (compiler internal)(127) : see declaration of 'type_info'
  FocusNavGroup.cpp
c:\users\hp\documents\hl2sb-src\src\public\tier1\utlmemory.h(422): error C2027: use of undefined type 'type_info' (Divider.cpp)
          c:\users\hp\documents\hl2sb-src\src\vgui2\vgui_controls\predefined c++ types (compiler internal)(127) : see declaration of 'type_info'
          c:\users\hp\documents\hl2sb-src\src\public\tier1\utlmemory.h(414) : while compiling class template member function 'CUtlMemory<T,int>::CUtlMemory(int,int)'
          with
          [
              T=vgui::MessageMapItem_t
          ]
          c:\users\hp\documents\hl2sb-src\src\public\tier1\utlvector.h(555) : see reference to function template instantiation 'CUtlMemory<T,int>::CUtlMemory(int,int)' being compiled
          with
          [
              T=vgui::MessageMapItem_t
          ]
          c:\users\hp\documents\hl2sb-src\src\public\tier1\utlvector.h(553) : while compiling class template member function 'CUtlVector<vgui::MessageMapItem_t,CUtlMemory<T,int>>::CUtlVector(int,int)'
          with
          [
              T=vgui::MessageMapItem_t
          ]
          c:\users\hp\documents\hl2sb-src\src\public\vgui_controls\messagemap.h(238) : see reference to function template instantiation 'CUtlVector<vgui::MessageMapItem_t,CUtlMemory<T,int>>::CUtlVector(int,int)' being compiled
          with
          [
              T=vgui::MessageMapItem_t
          ]
          c:\users\hp\documents\hl2sb-src\src\public\vgui_controls\messagemap.h(245) : see reference to class template instantiation 'CUtlVector<vgui::MessageMapItem_t,CUtlMemory<T,int>>' being compiled
          with
          [
              T=vgui::MessageMapItem_t
          ]
c:\users\hp\documents\hl2sb-src\src\public\tier1\utlmemory.h(422): error C2228: left of '.name' must have class/struct/union (Divider.cpp)
c:\users\hp\documents\hl2sb-src\src\public\tier1\utlmemory.h(422): error C2664: 'CMemAllocAttributeAlloction::CMemAllocAttributeAlloction(const CMemAllocAttributeAlloction &)' : cannot convert argument 1 from 'int' to 'const CMemAllocAttributeAlloction &' (Divider.cpp)
          Reason: cannot convert from 'int' to 'const CMemAllocAttributeAlloction'
          No constructor could take the source type, or constructor overload resolution was ambiguous
          c:\users\hp\documents\hl2sb-src\src\vgui2\vgui_controls\predefined c++ types (compiler internal)(127) : see declaration of 'type_info'
          c:\users\hp\documents\hl2sb-src\src\vgui2\vgui_controls\predefined c++ types (compiler internal)(127) : see declaration of 'type_info'
          c:\users\hp\documents\hl2sb-src\src\vgui2\vgui_controls\predefined c++ types (compiler internal)(127) : see declaration of 'type_info'
          c:\users\hp\documents\hl2sb-src\src\vgui2\vgui_controls\predefined c++ types (compiler internal)(127) : see declaration of 'type_info'
  Frame.cpp
c:\users\hp\documents\hl2sb-src\src\public\tier1\utlmemory.h(422): error C2027: use of undefined type 'type_info' (DirectorySelectDialog.cpp)
          c:\users\hp\documents\hl2sb-src\src\vgui2\vgui_controls\predefined c++ types (compiler internal)(127) : see declaration of 'type_info'
          c:\users\hp\documents\hl2sb-src\src\public\tier1\utlmemory.h(414) : while compiling class template member function 'CUtlMemory<T,int>::CUtlMemory(int,int)'
          with
          [
              T=vgui::MessageMapItem_t
          ]
          c:\users\hp\documents\hl2sb-src\src\public\tier1\utlvector.h(555) : see reference to function template instantiation 'CUtlMemory<T,int>::CUtlMemory(int,int)' being compiled
          with
          [
              T=vgui::MessageMapItem_t
          ]
          c:\users\hp\documents\hl2sb-src\src\public\tier1\utlvector.h(553) : while compiling class template member function 'CUtlVector<vgui::MessageMapItem_t,CUtlMemory<T,int>>::CUtlVector(int,int)'
          with
          [
              T=vgui::MessageMapItem_t
          ]
          c:\users\hp\documents\hl2sb-src\src\public\vgui_controls\messagemap.h(238) : see reference to function template instantiation 'CUtlVector<vgui::MessageMapItem_t,CUtlMemory<T,int>>::CUtlVector(int,int)' being compiled
          with
          [
              T=vgui::MessageMapItem_t
          ]
          c:\users\hp\documents\hl2sb-src\src\public\vgui_controls\messagemap.h(245) : see reference to class template instantiation 'CUtlVector<vgui::MessageMapItem_t,CUtlMemory<T,int>>' being compiled
          with
          [
              T=vgui::MessageMapItem_t
          ]
c:\users\hp\documents\hl2sb-src\src\public\tier1\utlmemory.h(422): error C2228: left of '.name' must have class/struct/union (DirectorySelectDialog.cpp)
c:\users\hp\documents\hl2sb-src\src\public\tier1\utlmemory.h(422): error C2664: 'CMemAllocAttributeAlloction::CMemAllocAttributeAlloction(const CMemAllocAttributeAlloction &)' : cannot convert argument 1 from 'int' to 'const CMemAllocAttributeAlloction &' (DirectorySelectDialog.cpp)
          Reason: cannot convert from 'int' to 'const CMemAllocAttributeAlloction'
          No constructor could take the source type, or constructor overload resolution was ambiguous
          c:\users\hp\documents\hl2sb-src\src\vgui2\vgui_controls\predefined c++ types (compiler internal)(127) : see declaration of 'type_info'
          c:\users\hp\documents\hl2sb-src\src\vgui2\vgui_controls\predefined c++ types (compiler internal)(127) : see declaration of 'type_info'
          c:\users\hp\documents\hl2sb-src\src\vgui2\vgui_controls\predefined c++ types (compiler internal)(127) : see declaration of 'type_info'
          c:\users\hp\documents\hl2sb-src\src\vgui2\vgui_controls\predefined c++ types (compiler internal)(127) : see declaration of 'type_info'
          c:\users\hp\documents\hl2sb-src\src\vgui2\vgui_controls\predefined c++ types (compiler internal)(127) : see declaration of 'type_info'
  GraphPanel.cpp
c:\users\hp\documents\hl2sb-src\src\public\tier1\utlmemory.h(422): error C2027: use of undefined type 'type_info' (..\..\public\filesystem_helpers.cpp)
          c:\users\hp\documents\hl2sb-src\src\vgui2\vgui_controls\predefined c++ types (compiler internal)(127) : see declaration of 'type_info'
          c:\users\hp\documents\hl2sb-src\src\public\tier1\utlmemory.h(414) : while compiling class template member function 'CUtlMemory<UtlRBTreeNode_t<T,I>,I>::CUtlMemory(int,int)'
          with
          [
              T=CUtlSymbolTable::CStringPoolIndex
  ,            I=unsigned short
          ]
          c:\users\hp\documents\hl2sb-src\src\public\tier1\utlrbtree.h(385) : see reference to function template instantiation 'CUtlMemory<UtlRBTreeNode_t<T,I>,I>::CUtlMemory(int,int)' being compiled
          with
          [
              T=CUtlSymbolTable::CStringPoolIndex
  ,            I=unsigned short
          ]
          c:\users\hp\documents\hl2sb-src\src\public\tier1\utlrbtree.h(378) : while compiling class template member function 'CUtlRBTree<CUtlSymbolTable::CStringPoolIndex,unsigned short,CUtlSymbolTable::CLess,CUtlMemory<UtlRBTreeNode_t<T,I>,I>>::CUtlRBTree(int,int,const CUtlSymbolTable::CLess &)'
          with
          [
              T=CUtlSymbolTable::CStringPoolIndex
  ,            I=unsigned short
          ]
          c:\users\hp\documents\hl2sb-src\src\public\tier1\utlsymbol.h(149) : see reference to function template instantiation 'CUtlRBTree<CUtlSymbolTable::CStringPoolIndex,unsigned short,CUtlSymbolTable::CLess,CUtlMemory<UtlRBTreeNode_t<T,I>,I>>::CUtlRBTree(int,int,const CUtlSymbolTable::CLess &)' being compiled
          with
          [
              T=CUtlSymbolTable::CStringPoolIndex
  ,            I=unsigned short
          ]
          c:\users\hp\documents\hl2sb-src\src\public\tier1\utlsymbol.h(147) : see reference to class template instantiation 'CUtlRBTree<CUtlSymbolTable::CStringPoolIndex,unsigned short,CUtlSymbolTable::CLess,CUtlMemory<UtlRBTreeNode_t<T,I>,I>>' being compiled
          with
          [
              T=CUtlSymbolTable::CStringPoolIndex
  ,            I=unsigned short
          ]
c:\users\hp\documents\hl2sb-src\src\public\tier1\utlmemory.h(422): error C2228: left of '.name' must have class/struct/union (..\..\public\filesystem_helpers.cpp)
c:\users\hp\documents\hl2sb-src\src\public\tier1\utlmemory.h(422): error C2664: 'CMemAllocAttributeAlloction::CMemAllocAttributeAlloction(const CMemAllocAttributeAlloction &)' : cannot convert argument 1 from 'int' to 'const CMemAllocAttributeAlloction &' (..\..\public\filesystem_helpers.cpp)
          Reason: cannot convert from 'int' to 'const CMemAllocAttributeAlloction'
          No constructor could take the source type, or constructor overload resolution was ambiguous
  HTML.cpp
c:\users\hp\documents\hl2sb-src\src\public\tier1\utlmemory.h(422): error C2027: use of undefined type 'type_info' (ExpandButton.cpp)
          c:\users\hp\documents\hl2sb-src\src\vgui2\vgui_controls\predefined c++ types (compiler internal)(127) : see declaration of 'type_info'
          c:\users\hp\documents\hl2sb-src\src\public\tier1\utlmemory.h(414) : while compiling class template member function 'CUtlMemory<T,int>::CUtlMemory(int,int)'
          with
          [
              T=vgui::MessageMapItem_t
          ]
          c:\users\hp\documents\hl2sb-src\src\public\tier1\utlvector.h(555) : see reference to function template instantiation 'CUtlMemory<T,int>::CUtlMemory(int,int)' being compiled
          with
          [
              T=vgui::MessageMapItem_t
          ]
          c:\users\hp\documents\hl2sb-src\src\public\tier1\utlvector.h(553) : while compiling class template member function 'CUtlVector<vgui::MessageMapItem_t,CUtlMemory<T,int>>::CUtlVector(int,int)'
          with
          [
              T=vgui::MessageMapItem_t
          ]
          c:\users\hp\documents\hl2sb-src\src\public\vgui_controls\messagemap.h(238) : see reference to function template instantiation 'CUtlVector<vgui::MessageMapItem_t,CUtlMemory<T,int>>::CUtlVector(int,int)' being compiled
          with
          [
              T=vgui::MessageMapItem_t
          ]
          c:\users\hp\documents\hl2sb-src\src\public\vgui_controls\messagemap.h(245) : see reference to class template instantiation 'CUtlVector<vgui::MessageMapItem_t,CUtlMemory<T,int>>' being compiled
          with
          [
              T=vgui::MessageMapItem_t
          ]
c:\users\hp\documents\hl2sb-src\src\public\tier1\utlmemory.h(422): error C2228: left of '.name' must have class/struct/union (ExpandButton.cpp)
c:\users\hp\documents\hl2sb-src\src\public\tier1\utlmemory.h(422): error C2664: 'CMemAllocAttributeAlloction::CMemAllocAttributeAlloction(const CMemAllocAttributeAlloction &)' : cannot convert argument 1 from 'int' to 'const CMemAllocAttributeAlloction &' (ExpandButton.cpp)
          Reason: cannot convert from 'int' to 'const CMemAllocAttributeAlloction'
          No constructor could take the source type, or constructor overload resolution was ambiguous
          c:\users\hp\documents\hl2sb-src\src\vgui2\vgui_controls\predefined c++ types (compiler internal)(127) : see declaration of 'type_info'
          c:\users\hp\documents\hl2sb-src\src\vgui2\vgui_controls\predefined c++ types (compiler internal)(127) : see declaration of 'type_info'
          c:\users\hp\documents\hl2sb-src\src\vgui2\vgui_controls\predefined c++ types (compiler internal)(127) : see declaration of 'type_info'
          c:\users\hp\documents\hl2sb-src\src\vgui2\vgui_controls\predefined c++ types (compiler internal)(127) : see declaration of 'type_info'
  Image.cpp
c:\users\hp\documents\hl2sb-src\src\public\tier1\utlmemory.h(422): error C2027: use of undefined type 'type_info' (FileOpenStateMachine.cpp)
          c:\users\hp\documents\hl2sb-src\src\vgui2\vgui_controls\predefined c++ types (compiler internal)(127) : see declaration of 'type_info'
          c:\users\hp\documents\hl2sb-src\src\public\tier1\utlmemory.h(414) : while compiling class template member function 'CUtlMemory<T,int>::CUtlMemory(int,int)'
          with
          [
              T=vgui::MessageMapItem_t
          ]
          c:\users\hp\documents\hl2sb-src\src\public\tier1\utlvector.h(555) : see reference to function template instantiation 'CUtlMemory<T,int>::CUtlMemory(int,int)' being compiled
          with
          [
              T=vgui::MessageMapItem_t
          ]
          c:\users\hp\documents\hl2sb-src\src\public\tier1\utlvector.h(553) : while compiling class template member function 'CUtlVector<vgui::MessageMapItem_t,CUtlMemory<T,int>>::CUtlVector(int,int)'
          with
          [
              T=vgui::MessageMapItem_t
          ]
          c:\users\hp\documents\hl2sb-src\src\public\vgui_controls\messagemap.h(238) : see reference to function template instantiation 'CUtlVector<vgui::MessageMapItem_t,CUtlMemory<T,int>>::CUtlVector(int,int)' being compiled
          with
          [
              T=vgui::MessageMapItem_t
          ]
          c:\users\hp\documents\hl2sb-src\src\public\vgui_controls\messagemap.h(245) : see reference to class template instantiation 'CUtlVector<vgui::MessageMapItem_t,CUtlMemory<T,int>>' being compiled
          with
          [
              T=vgui::MessageMapItem_t
          ]
c:\users\hp\documents\hl2sb-src\src\public\tier1\utlmemory.h(422): error C2228: left of '.name' must have class/struct/union (FileOpenStateMachine.cpp)
c:\users\hp\documents\hl2sb-src\src\public\tier1\utlmemory.h(422): error C2664: 'CMemAllocAttributeAlloction::CMemAllocAttributeAlloction(const CMemAllocAttributeAlloction &)' : cannot convert argument 1 from 'int' to 'const CMemAllocAttributeAlloction &' (FileOpenStateMachine.cpp)
          Reason: cannot convert from 'int' to 'const CMemAllocAttributeAlloction'
          No constructor could take the source type, or constructor overload resolution was ambiguous
          c:\users\hp\documents\hl2sb-src\src\vgui2\vgui_controls\predefined c++ types (compiler internal)(127) : see declaration of 'type_info'
          c:\users\hp\documents\hl2sb-src\src\vgui2\vgui_controls\predefined c++ types (compiler internal)(127) : see declaration of 'type_info'
          c:\users\hp\documents\hl2sb-src\src\vgui2\vgui_controls\predefined c++ types (compiler internal)(127) : see declaration of 'type_info'
          c:\users\hp\documents\hl2sb-src\src\vgui2\vgui_controls\predefined c++ types (compiler internal)(127) : see declaration of 'type_info'
  ImageList.cpp
c:\users\hp\documents\hl2sb-src\src\public\tier1\utlmemory.h(422): error C2027: use of undefined type 'type_info' (EditablePanel.cpp)
          c:\users\hp\documents\hl2sb-src\src\vgui2\vgui_controls\predefined c++ types (compiler internal)(127) : see declaration of 'type_info'
          c:\users\hp\documents\hl2sb-src\src\public\tier1\utlmemory.h(414) : while compiling class template member function 'CUtlMemory<UtlRBTreeNode_t<T,I>,I>::CUtlMemory(int,int)'
          with
          [
              T=CUtlSymbolTable::CStringPoolIndex
  ,            I=unsigned short
          ]
          c:\users\hp\documents\hl2sb-src\src\public\tier1\utlrbtree.h(385) : see reference to function template instantiation 'CUtlMemory<UtlRBTreeNode_t<T,I>,I>::CUtlMemory(int,int)' being compiled
          with
          [
              T=CUtlSymbolTable::CStringPoolIndex
  ,            I=unsigned short
          ]
          c:\users\hp\documents\hl2sb-src\src\public\tier1\utlrbtree.h(378) : while compiling class template member function 'CUtlRBTree<CUtlSymbolTable::CStringPoolIndex,unsigned short,CUtlSymbolTable::CLess,CUtlMemory<UtlRBTreeNode_t<T,I>,I>>::CUtlRBTree(int,int,const CUtlSymbolTable::CLess &)'
          with
          [
              T=CUtlSymbolTable::CStringPoolIndex
  ,            I=unsigned short
          ]
          c:\users\hp\documents\hl2sb-src\src\public\tier1\utlsymbol.h(149) : see reference to function template instantiation 'CUtlRBTree<CUtlSymbolTable::CStringPoolIndex,unsigned short,CUtlSymbolTable::CLess,CUtlMemory<UtlRBTreeNode_t<T,I>,I>>::CUtlRBTree(int,int,const CUtlSymbolTable::CLess &)' being compiled
          with
          [
              T=CUtlSymbolTable::CStringPoolIndex
  ,            I=unsigned short
          ]
          c:\users\hp\documents\hl2sb-src\src\public\tier1\utlsymbol.h(147) : see reference to class template instantiation 'CUtlRBTree<CUtlSymbolTable::CStringPoolIndex,unsigned short,CUtlSymbolTable::CLess,CUtlMemory<UtlRBTreeNode_t<T,I>,I>>' being compiled
          with
          [
              T=CUtlSymbolTable::CStringPoolIndex
  ,            I=unsigned short
          ]
c:\users\hp\documents\hl2sb-src\src\public\tier1\utlmemory.h(422): error C2228: left of '.name' must have class/struct/union (EditablePanel.cpp)
c:\users\hp\documents\hl2sb-src\src\public\tier1\utlmemory.h(422): error C2664: 'CMemAllocAttributeAlloction::CMemAllocAttributeAlloction(const CMemAllocAttributeAlloction &)' : cannot convert argument 1 from 'int' to 'const CMemAllocAttributeAlloction &' (EditablePanel.cpp)
          Reason: cannot convert from 'int' to 'const CMemAllocAttributeAlloction'
          No constructor could take the source type, or constructor overload resolution was ambiguous
          c:\users\hp\documents\hl2sb-src\src\vgui2\vgui_controls\predefined c++ types (compiler internal)(127) : see declaration of 'type_info'
          c:\users\hp\documents\hl2sb-src\src\vgui2\vgui_controls\predefined c++ types (compiler internal)(127) : see declaration of 'type_info'
          c:\users\hp\documents\hl2sb-src\src\vgui2\vgui_controls\predefined c++ types (compiler internal)(127) : see declaration of 'type_info'
          c:\users\hp\documents\hl2sb-src\src\vgui2\vgui_controls\predefined c++ types (compiler internal)(127) : see declaration of 'type_info'
  ImagePanel.cpp
c:\users\hp\documents\hl2sb-src\src\public\tier1\utlmemory.h(422): error C2027: use of undefined type 'type_info' (FocusNavGroup.cpp)
          c:\users\hp\documents\hl2sb-src\src\vgui2\vgui_controls\predefined c++ types (compiler internal)(127) : see declaration of 'type_info'
          c:\users\hp\documents\hl2sb-src\src\public\tier1\utlmemory.h(414) : while compiling class template member function 'CUtlMemory<T,int>::CUtlMemory(int,int)'
          with
          [
              T=vgui::MessageMapItem_t
          ]
          c:\users\hp\documents\hl2sb-src\src\public\tier1\utlvector.h(555) : see reference to function template instantiation 'CUtlMemory<T,int>::CUtlMemory(int,int)' being compiled
          with
          [
              T=vgui::MessageMapItem_t
          ]
          c:\users\hp\documents\hl2sb-src\src\public\tier1\utlvector.h(553) : while compiling class template member function 'CUtlVector<vgui::MessageMapItem_t,CUtlMemory<T,int>>::CUtlVector(int,int)'
          with
          [
              T=vgui::MessageMapItem_t
          ]
          c:\users\hp\documents\hl2sb-src\src\public\vgui_controls\messagemap.h(238) : see reference to function template instantiation 'CUtlVector<vgui::MessageMapItem_t,CUtlMemory<T,int>>::CUtlVector(int,int)' being compiled
          with
          [
              T=vgui::MessageMapItem_t
          ]
          c:\users\hp\documents\hl2sb-src\src\public\vgui_controls\messagemap.h(245) : see reference to class template instantiation 'CUtlVector<vgui::MessageMapItem_t,CUtlMemory<T,int>>' being compiled
          with
          [
              T=vgui::MessageMapItem_t
          ]
c:\users\hp\documents\hl2sb-src\src\public\tier1\utlmemory.h(422): error C2228: left of '.name' must have class/struct/union (FocusNavGroup.cpp)
c:\users\hp\documents\hl2sb-src\src\public\tier1\utlmemory.h(422): error C2664: 'CMemAllocAttributeAlloction::CMemAllocAttributeAlloction(const CMemAllocAttributeAlloction &)' : cannot convert argument 1 from 'int' to 'const CMemAllocAttributeAlloction &' (FocusNavGroup.cpp)
          Reason: cannot convert from 'int' to 'const CMemAllocAttributeAlloction'
          No constructor could take the source type, or constructor overload resolution was ambiguous
          c:\users\hp\documents\hl2sb-src\src\vgui2\vgui_controls\predefined c++ types (compiler internal)(127) : see declaration of 'type_info'
          c:\users\hp\documents\hl2sb-src\src\vgui2\vgui_controls\predefined c++ types (compiler internal)(127) : see declaration of 'type_info'
          c:\users\hp\documents\hl2sb-src\src\vgui2\vgui_controls\predefined c++ types (compiler internal)(127) : see declaration of 'type_info'
          c:\users\hp\documents\hl2sb-src\src\vgui2\vgui_controls\predefined c++ types (compiler internal)(127) : see declaration of 'type_info'
  InputDialog.cpp
c:\users\hp\documents\hl2sb-src\src\public\tier1\utldict.h(303): error C2027: use of undefined type 'type_info' (FileOpenDialog.cpp)
          c:\users\hp\documents\hl2sb-src\src\vgui2\vgui_controls\predefined c++ types (compiler internal)(127) : see declaration of 'type_info'
          c:\users\hp\documents\hl2sb-src\src\public\tier1\utldict.h(302) : while compiling class template member function 'unsigned short CUtlDict<CUtlString,unsigned short>::Insert(const char *,const T &)'
          with
          [
              T=CUtlString
          ]
          c:\users\hp\documents\hl2sb-src\src\vgui2\vgui_controls\fileopendialog.cpp(902) : see reference to function template instantiation 'unsigned short CUtlDict<CUtlString,unsigned short>::Insert(const char *,const T &)' being compiled
          with
          [
              T=CUtlString
          ]
          c:\users\hp\documents\hl2sb-src\src\vgui2\vgui_controls\fileopendialog.cpp(464) : see reference to class template instantiation 'CUtlDict<CUtlString,unsigned short>' being compiled
c:\users\hp\documents\hl2sb-src\src\public\tier1\utldict.h(303): error C2228: left of '.name' must have class/struct/union (FileOpenDialog.cpp)
c:\users\hp\documents\hl2sb-src\src\public\tier1\utldict.h(303): error C2664: 'CMemAllocAttributeAlloction::CMemAllocAttributeAlloction(const CMemAllocAttributeAlloction &)' : cannot convert argument 1 from 'int' to 'const CMemAllocAttributeAlloction &' (FileOpenDialog.cpp)
          Reason: cannot convert from 'int' to 'const CMemAllocAttributeAlloction'
          No constructor could take the source type, or constructor overload resolution was ambiguous
c:\users\hp\documents\hl2sb-src\src\public\tier1\utldict.h(321): error C2027: use of undefined type 'type_info' (FileOpenDialog.cpp)
          c:\users\hp\documents\hl2sb-src\src\vgui2\vgui_controls\predefined c++ types (compiler internal)(127) : see declaration of 'type_info'
          c:\users\hp\documents\hl2sb-src\src\public\tier1\utldict.h(320) : while compiling class template member function 'unsigned short CUtlDict<CUtlString,unsigned short>::Find(const char *) const'
          c:\users\hp\documents\hl2sb-src\src\vgui2\vgui_controls\fileopendialog.cpp(899) : see reference to function template instantiation 'unsigned short CUtlDict<CUtlString,unsigned short>::Find(const char *) const' being compiled
c:\users\hp\documents\hl2sb-src\src\public\tier1\utldict.h(321): error C2228: left of '.name' must have class/struct/union (FileOpenDialog.cpp)
c:\users\hp\documents\hl2sb-src\src\public\tier1\utldict.h(321): error C2664: 'CMemAllocAttributeAlloction::CMemAllocAttributeAlloction(const CMemAllocAttributeAlloction &)' : cannot convert argument 1 from 'int' to 'const CMemAllocAttributeAlloction &' (FileOpenDialog.cpp)
          Reason: cannot convert from 'int' to 'const CMemAllocAttributeAlloction'
          No constructor could take the source type, or constructor overload resolution was ambiguous
  KeyBindingHelpDialog.cpp
c:\users\hp\documents\hl2sb-src\src\public\tier1\utlvector.h(714): error C2027: use of undefined type 'type_info' (Image.cpp)
          c:\users\hp\documents\hl2sb-src\src\vgui2\vgui_controls\predefined c++ types (compiler internal)(127) : see declaration of 'type_info'
          c:\users\hp\documents\hl2sb-src\src\public\tier1\utlvector.h(711) : while compiling class template member function 'void CUtlVector<char *,CUtlMemory<char *,int>>::GrowVector(int)'
          c:\users\hp\documents\hl2sb-src\src\public\tier1\utlvector.h(879) : see reference to function template instantiation 'void CUtlVector<char *,CUtlMemory<char *,int>>::GrowVector(int)' being compiled
          c:\users\hp\documents\hl2sb-src\src\public\tier1\utlvector.h(681) : while compiling class template member function 'int CUtlVector<char *,CUtlMemory<char *,int>>::Count(void) const'
          c:\users\hp\documents\hl2sb-src\src\public\tier1\utlvector.h(858) : see reference to function template instantiation 'int CUtlVector<char *,CUtlMemory<char *,int>>::Count(void) const' being compiled
          c:\users\hp\documents\hl2sb-src\src\public\tier1\utlvector.h(568) : while compiling class template member function 'CUtlVector<char *,CUtlMemory<char *,int>>::~CUtlVector(void)'
          c:\users\hp\documents\hl2sb-src\src\public\tier1\utlvector.h(1179) : see reference to function template instantiation 'CUtlVector<char *,CUtlMemory<char *,int>>::~CUtlVector(void)' being compiled
          c:\users\hp\documents\hl2sb-src\src\public\tier1\utlvector.h(1176) : see reference to class template instantiation 'CUtlVector<char *,CUtlMemory<char *,int>>' being compiled
          c:\users\hp\documents\hl2sb-src\src\public\tier1\utlvector.h(1188) : see reference to class template instantiation 'CUtlVectorAutoPurge<char *>' being compiled
c:\users\hp\documents\hl2sb-src\src\public\tier1\utlvector.h(714): error C2228: left of '.name' must have class/struct/union (Image.cpp)
c:\users\hp\documents\hl2sb-src\src\public\tier1\utlvector.h(714): error C2664: 'CMemAllocAttributeAlloction::CMemAllocAttributeAlloction(const CMemAllocAttributeAlloction &)' : cannot convert argument 1 from 'int' to 'const CMemAllocAttributeAlloction &' (Image.cpp)
          Reason: cannot convert from 'int' to 'const CMemAllocAttributeAlloction'
          No constructor could take the source type, or constructor overload resolution was ambiguous
  KeyBoardEditorDialog.cpp
c:\users\hp\documents\hl2sb-src\src\public\tier1\utlmemory.h(422): error C2027: use of undefined type 'type_info' (Frame.cpp)
          c:\users\hp\documents\hl2sb-src\src\vgui2\vgui_controls\predefined c++ types (compiler internal)(127) : see declaration of 'type_info'
          c:\users\hp\documents\hl2sb-src\src\public\tier1\utlmemory.h(414) : while compiling class template member function 'CUtlMemory<T,int>::CUtlMemory(int,int)'
          with
          [
              T=vgui::MessageMapItem_t
          ]
          c:\users\hp\documents\hl2sb-src\src\public\tier1\utlvector.h(555) : see reference to function template instantiation 'CUtlMemory<T,int>::CUtlMemory(int,int)' being compiled
          with
          [
              T=vgui::MessageMapItem_t
          ]
          c:\users\hp\documents\hl2sb-src\src\public\tier1\utlvector.h(553) : while compiling class template member function 'CUtlVector<vgui::MessageMapItem_t,CUtlMemory<T,int>>::CUtlVector(int,int)'
          with
          [
              T=vgui::MessageMapItem_t
          ]
          c:\users\hp\documents\hl2sb-src\src\public\vgui_controls\messagemap.h(238) : see reference to function template instantiation 'CUtlVector<vgui::MessageMapItem_t,CUtlMemory<T,int>>::CUtlVector(int,int)' being compiled
          with
          [
              T=vgui::MessageMapItem_t
          ]
          c:\users\hp\documents\hl2sb-src\src\public\vgui_controls\messagemap.h(245) : see reference to class template instantiation 'CUtlVector<vgui::MessageMapItem_t,CUtlMemory<T,int>>' being compiled
          with
          [
              T=vgui::MessageMapItem_t
          ]
c:\users\hp\documents\hl2sb-src\src\public\tier1\utlmemory.h(422): error C2228: left of '.name' must have class/struct/union (Frame.cpp)
c:\users\hp\documents\hl2sb-src\src\public\tier1\utlmemory.h(422): error C2664: 'CMemAllocAttributeAlloction::CMemAllocAttributeAlloction(const CMemAllocAttributeAlloction &)' : cannot convert argument 1 from 'int' to 'const CMemAllocAttributeAlloction &' (Frame.cpp)
          Reason: cannot convert from 'int' to 'const CMemAllocAttributeAlloction'
          No constructor could take the source type, or constructor overload resolution was ambiguous
          c:\users\hp\documents\hl2sb-src\src\vgui2\vgui_controls\predefined c++ types (compiler internal)(127) : see declaration of 'type_info'
          c:\users\hp\documents\hl2sb-src\src\vgui2\vgui_controls\predefined c++ types (compiler internal)(127) : see declaration of 'type_info'
          c:\users\hp\documents\hl2sb-src\src\vgui2\vgui_controls\predefined c++ types (compiler internal)(127) : see declaration of 'type_info'
          c:\users\hp\documents\hl2sb-src\src\vgui2\vgui_controls\predefined c++ types (compiler internal)(127) : see declaration of 'type_info'
  KeyRepeat.cpp
c:\users\hp\documents\hl2sb-src\src\public\tier1\utlmemory.h(422): error C2027: use of undefined type 'type_info' (ImageList.cpp)
          c:\users\hp\documents\hl2sb-src\src\vgui2\vgui_controls\predefined c++ types (compiler internal)(127) : see declaration of 'type_info'
          c:\users\hp\documents\hl2sb-src\src\public\tier1\utlmemory.h(414) : while compiling class template member function 'CUtlMemory<T,int>::CUtlMemory(int,int)'
          with
          [
              T=vgui::IImage *
          ]
          c:\users\hp\documents\hl2sb-src\src\public\tier1\utlvector.h(555) : see reference to function template instantiation 'CUtlMemory<T,int>::CUtlMemory(int,int)' being compiled
          with
          [
              T=vgui::IImage *
          ]
          c:\users\hp\documents\hl2sb-src\src\public\tier1\utlvector.h(553) : while compiling class template member function 'CUtlVector<vgui::IImage *,CUtlMemory<T,int>>::CUtlVector(int,int)'
          with
          [
              T=vgui::IImage *
          ]
          c:\users\hp\documents\hl2sb-src\src\vgui2\vgui_controls\imagelist.cpp(41) : see reference to function template instantiation 'CUtlVector<vgui::IImage *,CUtlMemory<T,int>>::CUtlVector(int,int)' being compiled
          with
          [
              T=vgui::IImage *
          ]
          c:\users\hp\documents\hl2sb-src\src\public\vgui_controls\imagelist.h(49) : see reference to class template instantiation 'CUtlVector<vgui::IImage *,CUtlMemory<T,int>>' being compiled
          with
          [
              T=vgui::IImage *
          ]
c:\users\hp\documents\hl2sb-src\src\public\tier1\utlmemory.h(422): error C2228: left of '.name' must have class/struct/union (ImageList.cpp)
c:\users\hp\documents\hl2sb-src\src\public\tier1\utlmemory.h(422): error C2664: 'CMemAllocAttributeAlloction::CMemAllocAttributeAlloction(const CMemAllocAttributeAlloction &)' : cannot convert argument 1 from 'int' to 'const CMemAllocAttributeAlloction &' (ImageList.cpp)
          Reason: cannot convert from 'int' to 'const CMemAllocAttributeAlloction'
          No constructor could take the source type, or constructor overload resolution was ambiguous
  Label.cpp
c:\users\hp\documents\hl2sb-src\src\public\tier1\utlmemory.h(422): error C2027: use of undefined type 'type_info' (GraphPanel.cpp)
          c:\users\hp\documents\hl2sb-src\src\vgui2\vgui_controls\predefined c++ types (compiler internal)(127) : see declaration of 'type_info'
          c:\users\hp\documents\hl2sb-src\src\public\tier1\utlmemory.h(414) : while compiling class template member function 'CUtlMemory<T,int>::CUtlMemory(int,int)'
          with
          [
              T=vgui::MessageMapItem_t
          ]
          c:\users\hp\documents\hl2sb-src\src\public\tier1\utlvector.h(555) : see reference to function template instantiation 'CUtlMemory<T,int>::CUtlMemory(int,int)' being compiled
          with
          [
              T=vgui::MessageMapItem_t
          ]
          c:\users\hp\documents\hl2sb-src\src\public\tier1\utlvector.h(553) : while compiling class template member function 'CUtlVector<vgui::MessageMapItem_t,CUtlMemory<T,int>>::CUtlVector(int,int)'
          with
          [
              T=vgui::MessageMapItem_t
          ]
          c:\users\hp\documents\hl2sb-src\src\public\vgui_controls\messagemap.h(238) : see reference to function template instantiation 'CUtlVector<vgui::MessageMapItem_t,CUtlMemory<T,int>>::CUtlVector(int,int)' being compiled
          with
          [
              T=vgui::MessageMapItem_t
          ]
          c:\users\hp\documents\hl2sb-src\src\public\vgui_controls\messagemap.h(245) : see reference to class template instantiation 'CUtlVector<vgui::MessageMapItem_t,CUtlMemory<T,int>>' being compiled
          with
          [
              T=vgui::MessageMapItem_t
          ]
c:\users\hp\documents\hl2sb-src\src\public\tier1\utlmemory.h(422): error C2228: left of '.name' must have class/struct/union (GraphPanel.cpp)
c:\users\hp\documents\hl2sb-src\src\public\tier1\utlmemory.h(422): error C2664: 'CMemAllocAttributeAlloction::CMemAllocAttributeAlloction(const CMemAllocAttributeAlloction &)' : cannot convert argument 1 from 'int' to 'const CMemAllocAttributeAlloction &' (GraphPanel.cpp)
          Reason: cannot convert from 'int' to 'const CMemAllocAttributeAlloction'
          No constructor could take the source type, or constructor overload resolution was ambiguous
          c:\users\hp\documents\hl2sb-src\src\vgui2\vgui_controls\predefined c++ types (compiler internal)(127) : see declaration of 'type_info'
          c:\users\hp\documents\hl2sb-src\src\vgui2\vgui_controls\predefined c++ types (compiler internal)(127) : see declaration of 'type_info'
          c:\users\hp\documents\hl2sb-src\src\vgui2\vgui_controls\predefined c++ types (compiler internal)(127) : see declaration of 'type_info'
          c:\users\hp\documents\hl2sb-src\src\vgui2\vgui_controls\predefined c++ types (compiler internal)(127) : see declaration of 'type_info'
          c:\users\hp\documents\hl2sb-src\src\vgui2\vgui_controls\predefined c++ types (compiler internal)(127) : see declaration of 'type_info'
          c:\users\hp\documents\hl2sb-src\src\vgui2\vgui_controls\predefined c++ types (compiler internal)(127) : see declaration of 'type_info'
  ListPanel.cpp
c:\users\hp\documents\hl2sb-src\src\public\tier1\utlmemory.h(422): error C2027: use of undefined type 'type_info' (ImagePanel.cpp)
          c:\users\hp\documents\hl2sb-src\src\vgui2\vgui_controls\predefined c++ types (compiler internal)(127) : see declaration of 'type_info'
          c:\users\hp\documents\hl2sb-src\src\public\tier1\utlmemory.h(414) : while compiling class template member function 'CUtlMemory<T,int>::CUtlMemory(int,int)'
          with
          [
              T=vgui::MessageMapItem_t
          ]
          c:\users\hp\documents\hl2sb-src\src\public\tier1\utlvector.h(555) : see reference to function template instantiation 'CUtlMemory<T,int>::CUtlMemory(int,int)' being compiled
          with
          [
              T=vgui::MessageMapItem_t
          ]
          c:\users\hp\documents\hl2sb-src\src\public\tier1\utlvector.h(553) : while compiling class template member function 'CUtlVector<vgui::MessageMapItem_t,CUtlMemory<T,int>>::CUtlVector(int,int)'
          with
          [
              T=vgui::MessageMapItem_t
          ]
          c:\users\hp\documents\hl2sb-src\src\public\vgui_controls\messagemap.h(238) : see reference to function template instantiation 'CUtlVector<vgui::MessageMapItem_t,CUtlMemory<T,int>>::CUtlVector(int,int)' being compiled
          with
          [
              T=vgui::MessageMapItem_t
          ]
          c:\users\hp\documents\hl2sb-src\src\public\vgui_controls\messagemap.h(245) : see reference to class template instantiation 'CUtlVector<vgui::MessageMapItem_t,CUtlMemory<T,int>>' being compiled
          with
          [
              T=vgui::MessageMapItem_t
          ]
c:\users\hp\documents\hl2sb-src\src\public\tier1\utlmemory.h(422): error C2228: left of '.name' must have class/struct/union (ImagePanel.cpp)
c:\users\hp\documents\hl2sb-src\src\public\tier1\utlmemory.h(422): error C2664: 'CMemAllocAttributeAlloction::CMemAllocAttributeAlloction(const CMemAllocAttributeAlloction &)' : cannot convert argument 1 from 'int' to 'const CMemAllocAttributeAlloction &' (ImagePanel.cpp)
          Reason: cannot convert from 'int' to 'const CMemAllocAttributeAlloction'
          No constructor could take the source type, or constructor overload resolution was ambiguous
          c:\users\hp\documents\hl2sb-src\src\vgui2\vgui_controls\predefined c++ types (compiler internal)(127) : see declaration of 'type_info'
          c:\users\hp\documents\hl2sb-src\src\vgui2\vgui_controls\predefined c++ types (compiler internal)(127) : see declaration of 'type_info'
          c:\users\hp\documents\hl2sb-src\src\vgui2\vgui_controls\predefined c++ types (compiler internal)(127) : see declaration of 'type_info'
          c:\users\hp\documents\hl2sb-src\src\vgui2\vgui_controls\predefined c++ types (compiler internal)(127) : see declaration of 'type_info'
  ListViewPanel.cpp
c:\users\hp\documents\hl2sb-src\src\public\tier1\utlmemory.h(422): error C2027: use of undefined type 'type_info' (InputDialog.cpp)
          c:\users\hp\documents\hl2sb-src\src\vgui2\vgui_controls\predefined c++ types (compiler internal)(127) : see declaration of 'type_info'
          c:\users\hp\documents\hl2sb-src\src\public\tier1\utlmemory.h(414) : while compiling class template member function 'CUtlMemory<T,int>::CUtlMemory(int,int)'
          with
          [
              T=vgui::MessageMapItem_t
          ]
          c:\users\hp\documents\hl2sb-src\src\public\tier1\utlvector.h(555) : see reference to function template instantiation 'CUtlMemory<T,int>::CUtlMemory(int,int)' being compiled
          with
          [
              T=vgui::MessageMapItem_t
          ]
          c:\users\hp\documents\hl2sb-src\src\public\tier1\utlvector.h(553) : while compiling class template member function 'CUtlVector<vgui::MessageMapItem_t,CUtlMemory<T,int>>::CUtlVector(int,int)'
          with
          [
              T=vgui::MessageMapItem_t
          ]
          c:\users\hp\documents\hl2sb-src\src\public\vgui_controls\messagemap.h(238) : see reference to function template instantiation 'CUtlVector<vgui::MessageMapItem_t,CUtlMemory<T,int>>::CUtlVector(int,int)' being compiled
          with
          [
              T=vgui::MessageMapItem_t
          ]
          c:\users\hp\documents\hl2sb-src\src\public\vgui_controls\messagemap.h(245) : see reference to class template instantiation 'CUtlVector<vgui::MessageMapItem_t,CUtlMemory<T,int>>' being compiled
          with
          [
              T=vgui::MessageMapItem_t
          ]
c:\users\hp\documents\hl2sb-src\src\public\tier1\utlmemory.h(422): error C2228: left of '.name' must have class/struct/union (InputDialog.cpp)
c:\users\hp\documents\hl2sb-src\src\public\tier1\utlmemory.h(422): error C2664: 'CMemAllocAttributeAlloction::CMemAllocAttributeAlloction(const CMemAllocAttributeAlloction &)' : cannot convert argument 1 from 'int' to 'const CMemAllocAttributeAlloction &' (InputDialog.cpp)
          Reason: cannot convert from 'int' to 'const CMemAllocAttributeAlloction'
          No constructor could take the source type, or constructor overload resolution was ambiguous
          c:\users\hp\documents\hl2sb-src\src\vgui2\vgui_controls\predefined c++ types (compiler internal)(127) : see declaration of 'type_info'
          c:\users\hp\documents\hl2sb-src\src\vgui2\vgui_controls\predefined c++ types (compiler internal)(127) : see declaration of 'type_info'
          c:\users\hp\documents\hl2sb-src\src\vgui2\vgui_controls\predefined c++ types (compiler internal)(127) : see declaration of 'type_info'
          c:\users\hp\documents\hl2sb-src\src\vgui2\vgui_controls\predefined c++ types (compiler internal)(127) : see declaration of 'type_info'
  Menu.cpp
c:\users\hp\documents\hl2sb-src\src\public\tier1\utlmemory.h(422): error C2027: use of undefined type 'type_info' (KeyBindingHelpDialog.cpp)
          c:\users\hp\documents\hl2sb-src\src\vgui2\vgui_controls\predefined c++ types (compiler internal)(127) : see declaration of 'type_info'
          c:\users\hp\documents\hl2sb-src\src\public\tier1\utlmemory.h(414) : while compiling class template member function 'CUtlMemory<T,int>::CUtlMemory(int,int)'
          with
          [
              T=vgui::MessageMapItem_t
          ]
          c:\users\hp\documents\hl2sb-src\src\public\tier1\utlvector.h(555) : see reference to function template instantiation 'CUtlMemory<T,int>::CUtlMemory(int,int)' being compiled
          with
          [
              T=vgui::MessageMapItem_t
          ]
          c:\users\hp\documents\hl2sb-src\src\public\tier1\utlvector.h(553) : while compiling class template member function 'CUtlVector<vgui::MessageMapItem_t,CUtlMemory<T,int>>::CUtlVector(int,int)'
          with
          [
              T=vgui::MessageMapItem_t
          ]
          c:\users\hp\documents\hl2sb-src\src\public\vgui_controls\messagemap.h(238) : see reference to function template instantiation 'CUtlVector<vgui::MessageMapItem_t,CUtlMemory<T,int>>::CUtlVector(int,int)' being compiled
          with
          [
              T=vgui::MessageMapItem_t
          ]
          c:\users\hp\documents\hl2sb-src\src\public\vgui_controls\messagemap.h(245) : see reference to class template instantiation 'CUtlVector<vgui::MessageMapItem_t,CUtlMemory<T,int>>' being compiled
          with
          [
              T=vgui::MessageMapItem_t
          ]
c:\users\hp\documents\hl2sb-src\src\public\tier1\utlmemory.h(422): error C2228: left of '.name' must have class/struct/union (KeyBindingHelpDialog.cpp)
c:\users\hp\documents\hl2sb-src\src\public\tier1\utlmemory.h(422): error C2664: 'CMemAllocAttributeAlloction::CMemAllocAttributeAlloction(const CMemAllocAttributeAlloction &)' : cannot convert argument 1 from 'int' to 'const CMemAllocAttributeAlloction &' (KeyBindingHelpDialog.cpp)
          Reason: cannot convert from 'int' to 'const CMemAllocAttributeAlloction'
          No constructor could take the source type, or constructor overload resolution was ambiguous
          c:\users\hp\documents\hl2sb-src\src\vgui2\vgui_controls\predefined c++ types (compiler internal)(127) : see declaration of 'type_info'
          c:\users\hp\documents\hl2sb-src\src\vgui2\vgui_controls\predefined c++ types (compiler internal)(127) : see declaration of 'type_info'
          c:\users\hp\documents\hl2sb-src\src\vgui2\vgui_controls\predefined c++ types (compiler internal)(127) : see declaration of 'type_info'
          c:\users\hp\documents\hl2sb-src\src\vgui2\vgui_controls\predefined c++ types (compiler internal)(127) : see declaration of 'type_info'
          c:\users\hp\documents\hl2sb-src\src\vgui2\vgui_controls\predefined c++ types (compiler internal)(127) : see declaration of 'type_info'
          c:\users\hp\documents\hl2sb-src\src\vgui2\vgui_controls\predefined c++ types (compiler internal)(127) : see declaration of 'type_info'
          c:\users\hp\documents\hl2sb-src\src\vgui2\vgui_controls\predefined c++ types (compiler internal)(127) : see declaration of 'type_info'
  MenuBar.cpp
c:\users\hp\documents\hl2sb-src\src\public\tier1\utlmemory.h(422): error C2027: use of undefined type 'type_info' (Label.cpp)
          c:\users\hp\documents\hl2sb-src\src\vgui2\vgui_controls\predefined c++ types (compiler internal)(127) : see declaration of 'type_info'
          c:\users\hp\documents\hl2sb-src\src\public\tier1\utlmemory.h(414) : while compiling class template member function 'CUtlMemory<T,int>::CUtlMemory(int,int)'
          with
          [
              T=vgui::MessageMapItem_t
          ]
          c:\users\hp\documents\hl2sb-src\src\public\tier1\utlvector.h(555) : see reference to function template instantiation 'CUtlMemory<T,int>::CUtlMemory(int,int)' being compiled
          with
          [
              T=vgui::MessageMapItem_t
          ]
          c:\users\hp\documents\hl2sb-src\src\public\tier1\utlvector.h(553) : while compiling class template member function 'CUtlVector<vgui::MessageMapItem_t,CUtlMemory<T,int>>::CUtlVector(int,int)'
          with
          [
              T=vgui::MessageMapItem_t
          ]
          c:\users\hp\documents\hl2sb-src\src\public\vgui_controls\messagemap.h(238) : see reference to function template instantiation 'CUtlVector<vgui::MessageMapItem_t,CUtlMemory<T,int>>::CUtlVector(int,int)' being compiled
          with
          [
              T=vgui::MessageMapItem_t
          ]
          c:\users\hp\documents\hl2sb-src\src\public\vgui_controls\messagemap.h(245) : see reference to class template instantiation 'CUtlVector<vgui::MessageMapItem_t,CUtlMemory<T,int>>' being compiled
          with
          [
              T=vgui::MessageMapItem_t
          ]
c:\users\hp\documents\hl2sb-src\src\public\tier1\utlmemory.h(422): error C2228: left of '.name' must have class/struct/union (Label.cpp)
c:\users\hp\documents\hl2sb-src\src\public\tier1\utlmemory.h(422): error C2664: 'CMemAllocAttributeAlloction::CMemAllocAttributeAlloction(const CMemAllocAttributeAlloction &)' : cannot convert argument 1 from 'int' to 'const CMemAllocAttributeAlloction &' (Label.cpp)
          Reason: cannot convert from 'int' to 'const CMemAllocAttributeAlloction'
          No constructor could take the source type, or constructor overload resolution was ambiguous
          c:\users\hp\documents\hl2sb-src\src\vgui2\vgui_controls\predefined c++ types (compiler internal)(127) : see declaration of 'type_info'
          c:\users\hp\documents\hl2sb-src\src\vgui2\vgui_controls\predefined c++ types (compiler internal)(127) : see declaration of 'type_info'
          c:\users\hp\documents\hl2sb-src\src\vgui2\vgui_controls\predefined c++ types (compiler internal)(127) : see declaration of 'type_info'
          c:\users\hp\documents\hl2sb-src\src\vgui2\vgui_controls\predefined c++ types (compiler internal)(127) : see declaration of 'type_info'
          c:\users\hp\documents\hl2sb-src\src\vgui2\vgui_controls\predefined c++ types (compiler internal)(127) : see declaration of 'type_info'
  MenuButton.cpp
c:\users\hp\documents\hl2sb-src\src\public\tier1\utlmemory.h(422): error C2027: use of undefined type 'type_info' (KeyBoardEditorDialog.cpp)
          c:\users\hp\documents\hl2sb-src\src\vgui2\vgui_controls\predefined c++ types (compiler internal)(127) : see declaration of 'type_info'
          c:\users\hp\documents\hl2sb-src\src\public\tier1\utlmemory.h(414) : while compiling class template member function 'CUtlMemory<T,int>::CUtlMemory(int,int)'
          with
          [
              T=vgui::MessageMapItem_t
          ]
          c:\users\hp\documents\hl2sb-src\src\public\tier1\utlvector.h(555) : see reference to function template instantiation 'CUtlMemory<T,int>::CUtlMemory(int,int)' being compiled
          with
          [
              T=vgui::MessageMapItem_t
          ]
          c:\users\hp\documents\hl2sb-src\src\public\tier1\utlvector.h(553) : while compiling class template member function 'CUtlVector<vgui::MessageMapItem_t,CUtlMemory<T,int>>::CUtlVector(int,int)'
          with
          [
              T=vgui::MessageMapItem_t
          ]
          c:\users\hp\documents\hl2sb-src\src\public\vgui_controls\messagemap.h(238) : see reference to function template instantiation 'CUtlVector<vgui::MessageMapItem_t,CUtlMemory<T,int>>::CUtlVector(int,int)' being compiled
          with
          [
              T=vgui::MessageMapItem_t
          ]
          c:\users\hp\documents\hl2sb-src\src\public\vgui_controls\messagemap.h(245) : see reference to class template instantiation 'CUtlVector<vgui::MessageMapItem_t,CUtlMemory<T,int>>' being compiled
          with
          [
              T=vgui::MessageMapItem_t
          ]
c:\users\hp\documents\hl2sb-src\src\public\tier1\utlmemory.h(422): error C2228: left of '.name' must have class/struct/union (KeyBoardEditorDialog.cpp)
c:\users\hp\documents\hl2sb-src\src\public\tier1\utlmemory.h(422): error C2664: 'CMemAllocAttributeAlloction::CMemAllocAttributeAlloction(const CMemAllocAttributeAlloction &)' : cannot convert argument 1 from 'int' to 'const CMemAllocAttributeAlloction &' (KeyBoardEditorDialog.cpp)
          Reason: cannot convert from 'int' to 'const CMemAllocAttributeAlloction'
          No constructor could take the source type, or constructor overload resolution was ambiguous
          c:\users\hp\documents\hl2sb-src\src\vgui2\vgui_controls\predefined c++ types (compiler internal)(127) : see declaration of 'type_info'
          c:\users\hp\documents\hl2sb-src\src\vgui2\vgui_controls\predefined c++ types (compiler internal)(127) : see declaration of 'type_info'
          c:\users\hp\documents\hl2sb-src\src\vgui2\vgui_controls\predefined c++ types (compiler internal)(127) : see declaration of 'type_info'
          c:\users\hp\documents\hl2sb-src\src\vgui2\vgui_controls\predefined c++ types (compiler internal)(127) : see declaration of 'type_info'
          c:\users\hp\documents\hl2sb-src\src\vgui2\vgui_controls\predefined c++ types (compiler internal)(127) : see declaration of 'type_info'
          c:\users\hp\documents\hl2sb-src\src\vgui2\vgui_controls\predefined c++ types (compiler internal)(127) : see declaration of 'type_info'
          c:\users\hp\documents\hl2sb-src\src\vgui2\vgui_controls\predefined c++ types (compiler internal)(127) : see declaration of 'type_info'
          c:\users\hp\documents\hl2sb-src\src\vgui2\vgui_controls\predefined c++ types (compiler internal)(127) : see declaration of 'type_info'
  MenuItem.cpp
c:\users\hp\documents\hl2sb-src\src\public\tier1\utlmemory.h(422): error C2027: use of undefined type 'type_info' (ListPanel.cpp)
          c:\users\hp\documents\hl2sb-src\src\vgui2\vgui_controls\predefined c++ types (compiler internal)(127) : see declaration of 'type_info'
          c:\users\hp\documents\hl2sb-src\src\public\tier1\utlmemory.h(414) : while compiling class template member function 'CUtlMemory<T,int>::CUtlMemory(int,int)'
          with
          [
              T=vgui::MessageMapItem_t
          ]
          c:\users\hp\documents\hl2sb-src\src\public\tier1\utlvector.h(555) : see reference to function template instantiation 'CUtlMemory<T,int>::CUtlMemory(int,int)' being compiled
          with
          [
              T=vgui::MessageMapItem_t
          ]
          c:\users\hp\documents\hl2sb-src\src\public\tier1\utlvector.h(553) : while compiling class template member function 'CUtlVector<vgui::MessageMapItem_t,CUtlMemory<T,int>>::CUtlVector(int,int)'
          with
          [
              T=vgui::MessageMapItem_t
          ]
          c:\users\hp\documents\hl2sb-src\src\public\vgui_controls\messagemap.h(238) : see reference to function template instantiation 'CUtlVector<vgui::MessageMapItem_t,CUtlMemory<T,int>>::CUtlVector(int,int)' being compiled
          with
          [
              T=vgui::MessageMapItem_t
          ]
          c:\users\hp\documents\hl2sb-src\src\public\vgui_controls\messagemap.h(245) : see reference to class template instantiation 'CUtlVector<vgui::MessageMapItem_t,CUtlMemory<T,int>>' being compiled
          with
          [
              T=vgui::MessageMapItem_t
          ]
c:\users\hp\documents\hl2sb-src\src\public\tier1\utlmemory.h(422): error C2228: left of '.name' must have class/struct/union (ListPanel.cpp)
c:\users\hp\documents\hl2sb-src\src\public\tier1\utlmemory.h(422): error C2664: 'CMemAllocAttributeAlloction::CMemAllocAttributeAlloction(const CMemAllocAttributeAlloction &)' : cannot convert argument 1 from 'int' to 'const CMemAllocAttributeAlloction &' (ListPanel.cpp)
          Reason: cannot convert from 'int' to 'const CMemAllocAttributeAlloction'
          No constructor could take the source type, or constructor overload resolution was ambiguous
          c:\users\hp\documents\hl2sb-src\src\vgui2\vgui_controls\predefined c++ types (compiler internal)(127) : see declaration of 'type_info'
          c:\users\hp\documents\hl2sb-src\src\vgui2\vgui_controls\predefined c++ types (compiler internal)(127) : see declaration of 'type_info'
          c:\users\hp\documents\hl2sb-src\src\vgui2\vgui_controls\predefined c++ types (compiler internal)(127) : see declaration of 'type_info'
          c:\users\hp\documents\hl2sb-src\src\vgui2\vgui_controls\predefined c++ types (compiler internal)(127) : see declaration of 'type_info'
          c:\users\hp\documents\hl2sb-src\src\vgui2\vgui_controls\predefined c++ types (compiler internal)(127) : see declaration of 'type_info'
          c:\users\hp\documents\hl2sb-src\src\vgui2\vgui_controls\predefined c++ types (compiler internal)(127) : see declaration of 'type_info'
c:\users\hp\documents\hl2sb-src\src\public\tier1\utlvector.h(714): error C2027: use of undefined type 'type_info' (ListPanel.cpp)
          c:\users\hp\documents\hl2sb-src\src\vgui2\vgui_controls\predefined c++ types (compiler internal)(127) : see declaration of 'type_info'
          c:\users\hp\documents\hl2sb-src\src\public\tier1\utlvector.h(711) : while compiling class template member function 'void CUtlVector<unsigned char,CUtlMemory<T,int>>::GrowVector(int)'
          with
          [
              T=unsigned char
          ]
          c:\users\hp\documents\hl2sb-src\src\public\tier1\utlvector.h(879) : see reference to function template instantiation 'void CUtlVector<unsigned char,CUtlMemory<T,int>>::GrowVector(int)' being compiled
          with
          [
              T=unsigned char
          ]
          c:\users\hp\documents\hl2sb-src\src\public\tier1\utlvector.h(553) : while compiling class template member function 'CUtlVector<unsigned char,CUtlMemory<T,int>>::CUtlVector(int,int)'
          with
          [
              T=unsigned char
          ]
          c:\users\hp\documents\hl2sb-src\src\vgui2\vgui_controls\listpanel.cpp(443) : see reference to function template instantiation 'CUtlVector<unsigned char,CUtlMemory<T,int>>::CUtlVector(int,int)' being compiled
          with
          [
              T=unsigned char
          ]
          c:\users\hp\documents\hl2sb-src\src\public\vgui_controls\listpanel.h(308) : see reference to class template instantiation 'CUtlVector<unsigned char,CUtlMemory<T,int>>' being compiled
          with
          [
              T=unsigned char
          ]
c:\users\hp\documents\hl2sb-src\src\public\tier1\utlvector.h(714): error C2228: left of '.name' must have class/struct/union (ListPanel.cpp)
c:\users\hp\documents\hl2sb-src\src\public\tier1\utlvector.h(714): error C2664: 'CMemAllocAttributeAlloction::CMemAllocAttributeAlloction(const CMemAllocAttributeAlloction &)' : cannot convert argument 1 from 'int' to 'const CMemAllocAttributeAlloction &' (ListPanel.cpp)
          Reason: cannot convert from 'int' to 'const CMemAllocAttributeAlloction'
          No constructor could take the source type, or constructor overload resolution was ambiguous
          c:\users\hp\documents\hl2sb-src\src\vgui2\vgui_controls\predefined c++ types (compiler internal)(127) : see declaration of 'type_info'
          c:\users\hp\documents\hl2sb-src\src\vgui2\vgui_controls\predefined c++ types (compiler internal)(127) : see declaration of 'type_info'
  MessageBox.cpp
c:\users\hp\documents\hl2sb-src\src\public\tier1\utlmemory.h(422): error C2027: use of undefined type 'type_info' (ListViewPanel.cpp)
          c:\users\hp\documents\hl2sb-src\src\vgui2\vgui_controls\predefined c++ types (compiler internal)(127) : see declaration of 'type_info'
          c:\users\hp\documents\hl2sb-src\src\public\tier1\utlmemory.h(414) : while compiling class template member function 'CUtlMemory<T,int>::CUtlMemory(int,int)'
          with
          [
              T=vgui::MessageMapItem_t
          ]
          c:\users\hp\documents\hl2sb-src\src\public\tier1\utlvector.h(555) : see reference to function template instantiation 'CUtlMemory<T,int>::CUtlMemory(int,int)' being compiled
          with
          [
              T=vgui::MessageMapItem_t
          ]
          c:\users\hp\documents\hl2sb-src\src\public\tier1\utlvector.h(553) : while compiling class template member function 'CUtlVector<vgui::MessageMapItem_t,CUtlMemory<T,int>>::CUtlVector(int,int)'
          with
          [
              T=vgui::MessageMapItem_t
          ]
          c:\users\hp\documents\hl2sb-src\src\public\vgui_controls\messagemap.h(238) : see reference to function template instantiation 'CUtlVector<vgui::MessageMapItem_t,CUtlMemory<T,int>>::CUtlVector(int,int)' being compiled
          with
          [
              T=vgui::MessageMapItem_t
          ]
          c:\users\hp\documents\hl2sb-src\src\public\vgui_controls\messagemap.h(245) : see reference to class template instantiation 'CUtlVector<vgui::MessageMapItem_t,CUtlMemory<T,int>>' being compiled
          with
          [
              T=vgui::MessageMapItem_t
          ]
c:\users\hp\documents\hl2sb-src\src\public\tier1\utlmemory.h(422): error C2228: left of '.name' must have class/struct/union (ListViewPanel.cpp)
c:\users\hp\documents\hl2sb-src\src\public\tier1\utlmemory.h(422): error C2664: 'CMemAllocAttributeAlloction::CMemAllocAttributeAlloction(const CMemAllocAttributeAlloction &)' : cannot convert argument 1 from 'int' to 'const CMemAllocAttributeAlloction &' (ListViewPanel.cpp)
          Reason: cannot convert from 'int' to 'const CMemAllocAttributeAlloction'
          No constructor could take the source type, or constructor overload resolution was ambiguous
          c:\users\hp\documents\hl2sb-src\src\vgui2\vgui_controls\predefined c++ types (compiler internal)(127) : see declaration of 'type_info'
          c:\users\hp\documents\hl2sb-src\src\vgui2\vgui_controls\predefined c++ types (compiler internal)(127) : see declaration of 'type_info'
          c:\users\hp\documents\hl2sb-src\src\vgui2\vgui_controls\predefined c++ types (compiler internal)(127) : see declaration of 'type_info'
          c:\users\hp\documents\hl2sb-src\src\vgui2\vgui_controls\predefined c++ types (compiler internal)(127) : see declaration of 'type_info'
c:\users\hp\documents\hl2sb-src\src\public\tier1\utlvector.h(714): error C2027: use of undefined type 'type_info' (ListViewPanel.cpp)
          c:\users\hp\documents\hl2sb-src\src\vgui2\vgui_controls\predefined c++ types (compiler internal)(127) : see declaration of 'type_info'
          c:\users\hp\documents\hl2sb-src\src\public\tier1\utlvector.h(711) : while compiling class template member function 'void CUtlVector<T,CUtlMemory<T,int>>::GrowVector(int)'
          with
          [
              T=int
          ]
          c:\users\hp\documents\hl2sb-src\src\public\tier1\utlvector.h(879) : see reference to function template instantiation 'void CUtlVector<T,CUtlMemory<T,int>>::GrowVector(int)' being compiled
          with
          [
              T=int
          ]
          c:\users\hp\documents\hl2sb-src\src\public\tier1\utlvector.h(553) : while compiling class template member function 'CUtlVector<T,CUtlMemory<T,int>>::CUtlVector(int,int)'
          with
          [
              T=int
          ]
          c:\users\hp\documents\hl2sb-src\src\vgui2\vgui_controls\listviewpanel.cpp(228) : see reference to function template instantiation 'CUtlVector<T,CUtlMemory<T,int>>::CUtlVector(int,int)' being compiled
          with
          [
              T=int
          ]
          c:\users\hp\documents\hl2sb-src\src\public\tier1\utlqueue.h(53) : see reference to class template instantiation 'CUtlVector<T,CUtlMemory<T,int>>' being compiled
          with
          [
              T=int
          ]
          c:\users\hp\documents\hl2sb-src\src\public\tier1\utlhandletable.h(86) : see reference to class template instantiation 'CUtlQueue<int>' being compiled
          c:\users\hp\documents\hl2sb-src\src\public\tier1\utlhandletable.h(87) : see reference to class template instantiation 'CUtlHandleTable<T,HandleBits>' being compiled
c:\users\hp\documents\hl2sb-src\src\public\tier1\utlvector.h(714): error C2228: left of '.name' must have class/struct/union (ListViewPanel.cpp)
c:\users\hp\documents\hl2sb-src\src\public\tier1\utlvector.h(714): error C2664: 'CMemAllocAttributeAlloction::CMemAllocAttributeAlloction(const CMemAllocAttributeAlloction &)' : cannot convert argument 1 from 'int' to 'const CMemAllocAttributeAlloction &' (ListViewPanel.cpp)
          Reason: cannot convert from 'int' to 'const CMemAllocAttributeAlloction'
          No constructor could take the source type, or constructor overload resolution was ambiguous
          c:\users\hp\documents\hl2sb-src\src\vgui2\vgui_controls\predefined c++ types (compiler internal)(127) : see declaration of 'type_info'
          c:\users\hp\documents\hl2sb-src\src\vgui2\vgui_controls\predefined c++ types (compiler internal)(127) : see declaration of 'type_info'
  MessageDialog.cpp
c:\users\hp\documents\hl2sb-src\src\public\tier1\utlmemory.h(422): error C2027: use of undefined type 'type_info' (HTML.cpp)
          c:\users\hp\documents\hl2sb-src\src\vgui2\vgui_controls\predefined c++ types (compiler internal)(127) : see declaration of 'type_info'
          c:\users\hp\documents\hl2sb-src\src\public\tier1\utlmemory.h(414) : while compiling class template member function 'CUtlMemory<UtlRBTreeNode_t<T,I>,I>::CUtlMemory(int,int)'
          with
          [
              T=CUtlSymbolTable::CStringPoolIndex
  ,            I=unsigned short
          ]
          c:\users\hp\documents\hl2sb-src\src\public\tier1\utlrbtree.h(385) : see reference to function template instantiation 'CUtlMemory<UtlRBTreeNode_t<T,I>,I>::CUtlMemory(int,int)' being compiled
          with
          [
              T=CUtlSymbolTable::CStringPoolIndex
  ,            I=unsigned short
          ]
          c:\users\hp\documents\hl2sb-src\src\public\tier1\utlrbtree.h(378) : while compiling class template member function 'CUtlRBTree<CUtlSymbolTable::CStringPoolIndex,unsigned short,CUtlSymbolTable::CLess,CUtlMemory<UtlRBTreeNode_t<T,I>,I>>::CUtlRBTree(int,int,const CUtlSymbolTable::CLess &)'
          with
          [
              T=CUtlSymbolTable::CStringPoolIndex
  ,            I=unsigned short
          ]
          c:\users\hp\documents\hl2sb-src\src\public\tier1\utlsymbol.h(149) : see reference to function template instantiation 'CUtlRBTree<CUtlSymbolTable::CStringPoolIndex,unsigned short,CUtlSymbolTable::CLess,CUtlMemory<UtlRBTreeNode_t<T,I>,I>>::CUtlRBTree(int,int,const CUtlSymbolTable::CLess &)' being compiled
          with
          [
              T=CUtlSymbolTable::CStringPoolIndex
  ,            I=unsigned short
          ]
          c:\users\hp\documents\hl2sb-src\src\public\tier1\utlsymbol.h(147) : see reference to class template instantiation 'CUtlRBTree<CUtlSymbolTable::CStringPoolIndex,unsigned short,CUtlSymbolTable::CLess,CUtlMemory<UtlRBTreeNode_t<T,I>,I>>' being compiled
          with
          [
              T=CUtlSymbolTable::CStringPoolIndex
  ,            I=unsigned short
          ]
c:\users\hp\documents\hl2sb-src\src\public\tier1\utlmemory.h(422): error C2228: left of '.name' must have class/struct/union (HTML.cpp)
c:\users\hp\documents\hl2sb-src\src\public\tier1\utlmemory.h(422): error C2664: 'CMemAllocAttributeAlloction::CMemAllocAttributeAlloction(const CMemAllocAttributeAlloction &)' : cannot convert argument 1 from 'int' to 'const CMemAllocAttributeAlloction &' (HTML.cpp)
          Reason: cannot convert from 'int' to 'const CMemAllocAttributeAlloction'
          No constructor could take the source type, or constructor overload resolution was ambiguous
          c:\users\hp\documents\hl2sb-src\src\vgui2\vgui_controls\predefined c++ types (compiler internal)(127) : see declaration of 'type_info'
          c:\users\hp\documents\hl2sb-src\src\vgui2\vgui_controls\predefined c++ types (compiler internal)(127) : see declaration of 'type_info'
          c:\users\hp\documents\hl2sb-src\src\vgui2\vgui_controls\predefined c++ types (compiler internal)(127) : see declaration of 'type_info'
          c:\users\hp\documents\hl2sb-src\src\vgui2\vgui_controls\predefined c++ types (compiler internal)(127) : see declaration of 'type_info'
          c:\users\hp\documents\hl2sb-src\src\vgui2\vgui_controls\predefined c++ types (compiler internal)(127) : see declaration of 'type_info'
c:\users\hp\documents\hl2sb-src\src\public\tier1\utlmemory.h(422): error C2027: use of undefined type 'type_info' (MenuBar.cpp)
          c:\users\hp\documents\hl2sb-src\src\vgui2\vgui_controls\predefined c++ types (compiler internal)(127) : see declaration of 'type_info'
          c:\users\hp\documents\hl2sb-src\src\public\tier1\utlmemory.h(414) : while compiling class template member function 'CUtlMemory<T,int>::CUtlMemory(int,int)'
          with
          [
              T=vgui::MessageMapItem_t
          ]
          c:\users\hp\documents\hl2sb-src\src\public\tier1\utlvector.h(555) : see reference to function template instantiation 'CUtlMemory<T,int>::CUtlMemory(int,int)' being compiled
          with
          [
              T=vgui::MessageMapItem_t
          ]
          c:\users\hp\documents\hl2sb-src\src\public\tier1\utlvector.h(553) : while compiling class template member function 'CUtlVector<vgui::MessageMapItem_t,CUtlMemory<T,int>>::CUtlVector(int,int)'
          with
          [
              T=vgui::MessageMapItem_t
          ]
          c:\users\hp\documents\hl2sb-src\src\public\vgui_controls\messagemap.h(238) : see reference to function template instantiation 'CUtlVector<vgui::MessageMapItem_t,CUtlMemory<T,int>>::CUtlVector(int,int)' being compiled
          with
          [
              T=vgui::MessageMapItem_t
          ]
          c:\users\hp\documents\hl2sb-src\src\public\vgui_controls\messagemap.h(245) : see reference to class template instantiation 'CUtlVector<vgui::MessageMapItem_t,CUtlMemory<T,int>>' being compiled
          with
          [
              T=vgui::MessageMapItem_t
          ]
c:\users\hp\documents\hl2sb-src\src\public\tier1\utlmemory.h(422): error C2228: left of '.name' must have class/struct/union (MenuBar.cpp)
c:\users\hp\documents\hl2sb-src\src\public\tier1\utlmemory.h(422): error C2664: 'CMemAllocAttributeAlloction::CMemAllocAttributeAlloction(const CMemAllocAttributeAlloction &)' : cannot convert argument 1 from 'int' to 'const CMemAllocAttributeAlloction &' (MenuBar.cpp)
          Reason: cannot convert from 'int' to 'const CMemAllocAttributeAlloction'
          No constructor could take the source type, or constructor overload resolution was ambiguous
          c:\users\hp\documents\hl2sb-src\src\vgui2\vgui_controls\predefined c++ types (compiler internal)(127) : see declaration of 'type_info'
          c:\users\hp\documents\hl2sb-src\src\vgui2\vgui_controls\predefined c++ types (compiler internal)(127) : see declaration of 'type_info'
          c:\users\hp\documents\hl2sb-src\src\vgui2\vgui_controls\predefined c++ types (compiler internal)(127) : see declaration of 'type_info'
          c:\users\hp\documents\hl2sb-src\src\vgui2\vgui_controls\predefined c++ types (compiler internal)(127) : see declaration of 'type_info'
          c:\users\hp\documents\hl2sb-src\src\vgui2\vgui_controls\predefined c++ types (compiler internal)(127) : see declaration of 'type_info'
          c:\users\hp\documents\hl2sb-src\src\vgui2\vgui_controls\predefined c++ types (compiler internal)(127) : see declaration of 'type_info'
          c:\users\hp\documents\hl2sb-src\src\vgui2\vgui_controls\predefined c++ types (compiler internal)(127) : see declaration of 'type_info'
  Panel.cpp
  PanelListPanel.cpp
c:\users\hp\documents\hl2sb-src\src\public\tier1\utlmemory.h(422): error C2027: use of undefined type 'type_info' (KeyRepeat.cpp)
          c:\users\hp\documents\hl2sb-src\src\vgui2\vgui_controls\predefined c++ types (compiler internal)(127) : see declaration of 'type_info'
          c:\users\hp\documents\hl2sb-src\src\public\tier1\utlmemory.h(414) : while compiling class template member function 'CUtlMemory<UtlRBTreeNode_t<T,I>,I>::CUtlMemory(int,int)'
          with
          [
              T=CUtlSymbolTable::CStringPoolIndex
  ,            I=unsigned short
          ]
          c:\users\hp\documents\hl2sb-src\src\public\tier1\utlrbtree.h(385) : see reference to function template instantiation 'CUtlMemory<UtlRBTreeNode_t<T,I>,I>::CUtlMemory(int,int)' being compiled
          with
          [
              T=CUtlSymbolTable::CStringPoolIndex
  ,            I=unsigned short
          ]
          c:\users\hp\documents\hl2sb-src\src\public\tier1\utlrbtree.h(378) : while compiling class template member function 'CUtlRBTree<CUtlSymbolTable::CStringPoolIndex,unsigned short,CUtlSymbolTable::CLess,CUtlMemory<UtlRBTreeNode_t<T,I>,I>>::CUtlRBTree(int,int,const CUtlSymbolTable::CLess &)'
          with
          [
              T=CUtlSymbolTable::CStringPoolIndex
  ,            I=unsigned short
          ]
          c:\users\hp\documents\hl2sb-src\src\public\tier1\utlsymbol.h(149) : see reference to function template instantiation 'CUtlRBTree<CUtlSymbolTable::CStringPoolIndex,unsigned short,CUtlSymbolTable::CLess,CUtlMemory<UtlRBTreeNode_t<T,I>,I>>::CUtlRBTree(int,int,const CUtlSymbolTable::CLess &)' being compiled
          with
          [
              T=CUtlSymbolTable::CStringPoolIndex
  ,            I=unsigned short
          ]
          c:\users\hp\documents\hl2sb-src\src\public\tier1\utlsymbol.h(147) : see reference to class template instantiation 'CUtlRBTree<CUtlSymbolTable::CStringPoolIndex,unsigned short,CUtlSymbolTable::CLess,CUtlMemory<UtlRBTreeNode_t<T,I>,I>>' being compiled
          with
          [
              T=CUtlSymbolTable::CStringPoolIndex
  ,            I=unsigned short
          ]
c:\users\hp\documents\hl2sb-src\src\public\tier1\utlmemory.h(422): error C2228: left of '.name' must have class/struct/union (KeyRepeat.cpp)
c:\users\hp\documents\hl2sb-src\src\public\tier1\utlmemory.h(422): error C2664: 'CMemAllocAttributeAlloction::CMemAllocAttributeAlloction(const CMemAllocAttributeAlloction &)' : cannot convert argument 1 from 'int' to 'const CMemAllocAttributeAlloction &' (KeyRepeat.cpp)
          Reason: cannot convert from 'int' to 'const CMemAllocAttributeAlloction'
          No constructor could take the source type, or constructor overload resolution was ambiguous
          c:\users\hp\documents\hl2sb-src\src\vgui2\vgui_controls\predefined c++ types (compiler internal)(127) : see declaration of 'type_info'
          c:\users\hp\documents\hl2sb-src\src\vgui2\vgui_controls\predefined c++ types (compiler internal)(127) : see declaration of 'type_info'
          c:\users\hp\documents\hl2sb-src\src\vgui2\vgui_controls\predefined c++ types (compiler internal)(127) : see declaration of 'type_info'
c:\users\hp\documents\hl2sb-src\src\public\tier1\utlmemory.h(422): error C2027: use of undefined type 'type_info' (MenuButton.cpp)
          c:\users\hp\documents\hl2sb-src\src\vgui2\vgui_controls\predefined c++ types (compiler internal)(127) : see declaration of 'type_info'
          c:\users\hp\documents\hl2sb-src\src\public\tier1\utlmemory.h(414) : while compiling class template member function 'CUtlMemory<T,int>::CUtlMemory(int,int)'
          with
          [
              T=vgui::MessageMapItem_t
          ]
          c:\users\hp\documents\hl2sb-src\src\public\tier1\utlvector.h(555) : see reference to function template instantiation 'CUtlMemory<T,int>::CUtlMemory(int,int)' being compiled
          with
          [
              T=vgui::MessageMapItem_t
          ]
          c:\users\hp\documents\hl2sb-src\src\public\tier1\utlvector.h(553) : while compiling class template member function 'CUtlVector<vgui::MessageMapItem_t,CUtlMemory<T,int>>::CUtlVector(int,int)'
          with
          [
              T=vgui::MessageMapItem_t
          ]
          c:\users\hp\documents\hl2sb-src\src\public\vgui_controls\messagemap.h(238) : see reference to function template instantiation 'CUtlVector<vgui::MessageMapItem_t,CUtlMemory<T,int>>::CUtlVector(int,int)' being compiled
          with
          [
              T=vgui::MessageMapItem_t
          ]
          c:\users\hp\documents\hl2sb-src\src\public\vgui_controls\messagemap.h(245) : see reference to class template instantiation 'CUtlVector<vgui::MessageMapItem_t,CUtlMemory<T,int>>' being compiled
          with
          [
              T=vgui::MessageMapItem_t
          ]
          c:\users\hp\documents\hl2sb-src\src\vgui2\vgui_controls\predefined c++ types (compiler internal)(127) : see declaration of 'type_info'
c:\users\hp\documents\hl2sb-src\src\public\tier1\utlmemory.h(422): error C2228: left of '.name' must have class/struct/union (MenuButton.cpp)
c:\users\hp\documents\hl2sb-src\src\public\tier1\utlmemory.h(422): error C2664: 'CMemAllocAttributeAlloction::CMemAllocAttributeAlloction(const CMemAllocAttributeAlloction &)' : cannot convert argument 1 from 'int' to 'const CMemAllocAttributeAlloction &' (MenuButton.cpp)
          Reason: cannot convert from 'int' to 'const CMemAllocAttributeAlloction'
          No constructor could take the source type, or constructor overload resolution was ambiguous
          c:\users\hp\documents\hl2sb-src\src\vgui2\vgui_controls\predefined c++ types (compiler internal)(127) : see declaration of 'type_info'
          c:\users\hp\documents\hl2sb-src\src\vgui2\vgui_controls\predefined c++ types (compiler internal)(127) : see declaration of 'type_info'
          c:\users\hp\documents\hl2sb-src\src\vgui2\vgui_controls\predefined c++ types (compiler internal)(127) : see declaration of 'type_info'
          c:\users\hp\documents\hl2sb-src\src\vgui2\vgui_controls\predefined c++ types (compiler internal)(127) : see declaration of 'type_info'
  PerforceFileExplorer.cpp
  PerforceFileList.cpp
c:\users\hp\documents\hl2sb-src\src\public\tier1\utlmemory.h(422): error C2027: use of undefined type 'type_info' (MenuItem.cpp)
          c:\users\hp\documents\hl2sb-src\src\vgui2\vgui_controls\predefined c++ types (compiler internal)(127) : see declaration of 'type_info'
          c:\users\hp\documents\hl2sb-src\src\public\tier1\utlmemory.h(414) : while compiling class template member function 'CUtlMemory<T,int>::CUtlMemory(int,int)'
          with
          [
              T=vgui::MessageMapItem_t
          ]
          c:\users\hp\documents\hl2sb-src\src\public\tier1\utlvector.h(555) : see reference to function template instantiation 'CUtlMemory<T,int>::CUtlMemory(int,int)' being compiled
          with
          [
              T=vgui::MessageMapItem_t
          ]
          c:\users\hp\documents\hl2sb-src\src\public\tier1\utlvector.h(553) : while compiling class template member function 'CUtlVector<vgui::MessageMapItem_t,CUtlMemory<T,int>>::CUtlVector(int,int)'
          with
          [
              T=vgui::MessageMapItem_t
          ]
          c:\users\hp\documents\hl2sb-src\src\public\vgui_controls\messagemap.h(238) : see reference to function template instantiation 'CUtlVector<vgui::MessageMapItem_t,CUtlMemory<T,int>>::CUtlVector(int,int)' being compiled
          with
          [
              T=vgui::MessageMapItem_t
          ]
          c:\users\hp\documents\hl2sb-src\src\public\vgui_controls\messagemap.h(245) : see reference to class template instantiation 'CUtlVector<vgui::MessageMapItem_t,CUtlMemory<T,int>>' being compiled
          with
          [
              T=vgui::MessageMapItem_t
          ]
c:\users\hp\documents\hl2sb-src\src\public\tier1\utlmemory.h(422): error C2228: left of '.name' must have class/struct/union (MenuItem.cpp)
c:\users\hp\documents\hl2sb-src\src\public\tier1\utlmemory.h(422): error C2664: 'CMemAllocAttributeAlloction::CMemAllocAttributeAlloction(const CMemAllocAttributeAlloction &)' : cannot convert argument 1 from 'int' to 'const CMemAllocAttributeAlloction &' (MenuItem.cpp)
          Reason: cannot convert from 'int' to 'const CMemAllocAttributeAlloction'
          No constructor could take the source type, or constructor overload resolution was ambiguous
          c:\users\hp\documents\hl2sb-src\src\vgui2\vgui_controls\predefined c++ types (compiler internal)(127) : see declaration of 'type_info'
          c:\users\hp\documents\hl2sb-src\src\vgui2\vgui_controls\predefined c++ types (compiler internal)(127) : see declaration of 'type_info'
          c:\users\hp\documents\hl2sb-src\src\vgui2\vgui_controls\predefined c++ types (compiler internal)(127) : see declaration of 'type_info'
          c:\users\hp\documents\hl2sb-src\src\vgui2\vgui_controls\predefined c++ types (compiler internal)(127) : see declaration of 'type_info'
  perforcefilelistframe.cpp
c:\users\hp\documents\hl2sb-src\src\public\tier1\utlmemory.h(422): error C2027: use of undefined type 'type_info' (MessageBox.cpp)
          c:\users\hp\documents\hl2sb-src\src\vgui2\vgui_controls\predefined c++ types (compiler internal)(127) : see declaration of 'type_info'
          c:\users\hp\documents\hl2sb-src\src\public\tier1\utlmemory.h(414) : while compiling class template member function 'CUtlMemory<T,int>::CUtlMemory(int,int)'
          with
          [
              T=vgui::MessageMapItem_t
          ]
          c:\users\hp\documents\hl2sb-src\src\public\tier1\utlvector.h(555) : see reference to function template instantiation 'CUtlMemory<T,int>::CUtlMemory(int,int)' being compiled
          with
          [
              T=vgui::MessageMapItem_t
          ]
          c:\users\hp\documents\hl2sb-src\src\public\tier1\utlvector.h(553) : while compiling class template member function 'CUtlVector<vgui::MessageMapItem_t,CUtlMemory<T,int>>::CUtlVector(int,int)'
          with
          [
              T=vgui::MessageMapItem_t
          ]
          c:\users\hp\documents\hl2sb-src\src\public\vgui_controls\messagemap.h(238) : see reference to function template instantiation 'CUtlVector<vgui::MessageMapItem_t,CUtlMemory<T,int>>::CUtlVector(int,int)' being compiled
          with
          [
              T=vgui::MessageMapItem_t
          ]
          c:\users\hp\documents\hl2sb-src\src\public\vgui_controls\messagemap.h(245) : see reference to class template instantiation 'CUtlVector<vgui::MessageMapItem_t,CUtlMemory<T,int>>' being compiled
          with
          [
              T=vgui::MessageMapItem_t
          ]
c:\users\hp\documents\hl2sb-src\src\public\tier1\utlmemory.h(422): error C2228: left of '.name' must have class/struct/union (MessageBox.cpp)
c:\users\hp\documents\hl2sb-src\src\public\tier1\utlmemory.h(422): error C2664: 'CMemAllocAttributeAlloction::CMemAllocAttributeAlloction(const CMemAllocAttributeAlloction &)' : cannot convert argument 1 from 'int' to 'const CMemAllocAttributeAlloction &' (MessageBox.cpp)
          Reason: cannot convert from 'int' to 'const CMemAllocAttributeAlloction'
          No constructor could take the source type, or constructor overload resolution was ambiguous
          c:\users\hp\documents\hl2sb-src\src\vgui2\vgui_controls\predefined c++ types (compiler internal)(127) : see declaration of 'type_info'
          c:\users\hp\documents\hl2sb-src\src\vgui2\vgui_controls\predefined c++ types (compiler internal)(127) : see declaration of 'type_info'
          c:\users\hp\documents\hl2sb-src\src\vgui2\vgui_controls\predefined c++ types (compiler internal)(127) : see declaration of 'type_info'
          c:\users\hp\documents\hl2sb-src\src\vgui2\vgui_controls\predefined c++ types (compiler internal)(127) : see declaration of 'type_info'
  ProgressBar.cpp
c:\users\hp\documents\hl2sb-src\src\public\tier1\utlmemory.h(422): error C2027: use of undefined type 'type_info' (MessageDialog.cpp)
          c:\users\hp\documents\hl2sb-src\src\vgui2\vgui_controls\predefined c++ types (compiler internal)(127) : see declaration of 'type_info'
          c:\users\hp\documents\hl2sb-src\src\public\tier1\utlmemory.h(414) : while compiling class template member function 'CUtlMemory<T,int>::CUtlMemory(int,int)'
          with
          [
              T=vgui::MessageMapItem_t
          ]
          c:\users\hp\documents\hl2sb-src\src\public\tier1\utlvector.h(555) : see reference to function template instantiation 'CUtlMemory<T,int>::CUtlMemory(int,int)' being compiled
          with
          [
              T=vgui::MessageMapItem_t
          ]
          c:\users\hp\documents\hl2sb-src\src\public\tier1\utlvector.h(553) : while compiling class template member function 'CUtlVector<vgui::MessageMapItem_t,CUtlMemory<T,int>>::CUtlVector(int,int)'
          with
          [
              T=vgui::MessageMapItem_t
          ]
          c:\users\hp\documents\hl2sb-src\src\public\vgui_controls\messagemap.h(238) : see reference to function template instantiation 'CUtlVector<vgui::MessageMapItem_t,CUtlMemory<T,int>>::CUtlVector(int,int)' being compiled
          with
          [
              T=vgui::MessageMapItem_t
          ]
          c:\users\hp\documents\hl2sb-src\src\public\vgui_controls\messagemap.h(245) : see reference to class template instantiation 'CUtlVector<vgui::MessageMapItem_t,CUtlMemory<T,int>>' being compiled
          with
          [
              T=vgui::MessageMapItem_t
          ]
c:\users\hp\documents\hl2sb-src\src\public\tier1\utlmemory.h(422): error C2228: left of '.name' must have class/struct/union (MessageDialog.cpp)
c:\users\hp\documents\hl2sb-src\src\public\tier1\utlmemory.h(422): error C2664: 'CMemAllocAttributeAlloction::CMemAllocAttributeAlloction(const CMemAllocAttributeAlloction &)' : cannot convert argument 1 from 'int' to 'const CMemAllocAttributeAlloction &' (MessageDialog.cpp)
          Reason: cannot convert from 'int' to 'const CMemAllocAttributeAlloction'
          No constructor could take the source type, or constructor overload resolution was ambiguous
          c:\users\hp\documents\hl2sb-src\src\vgui2\vgui_controls\predefined c++ types (compiler internal)(127) : see declaration of 'type_info'
          c:\users\hp\documents\hl2sb-src\src\vgui2\vgui_controls\predefined c++ types (compiler internal)(127) : see declaration of 'type_info'
          c:\users\hp\documents\hl2sb-src\src\vgui2\vgui_controls\predefined c++ types (compiler internal)(127) : see declaration of 'type_info'
          c:\users\hp\documents\hl2sb-src\src\vgui2\vgui_controls\predefined c++ types (compiler internal)(127) : see declaration of 'type_info'
  ProgressBox.cpp
c:\users\hp\documents\hl2sb-src\src\public\tier1\utlmemory.h(422): error C2027: use of undefined type 'type_info' (Menu.cpp)
          c:\users\hp\documents\hl2sb-src\src\vgui2\vgui_controls\predefined c++ types (compiler internal)(127) : see declaration of 'type_info'
          c:\users\hp\documents\hl2sb-src\src\public\tier1\utlmemory.h(414) : while compiling class template member function 'CUtlMemory<UtlRBTreeNode_t<T,I>,I>::CUtlMemory(int,int)'
          with
          [
              T=CUtlSymbolTable::CStringPoolIndex
  ,            I=unsigned short
          ]
          c:\users\hp\documents\hl2sb-src\src\public\tier1\utlrbtree.h(385) : see reference to function template instantiation 'CUtlMemory<UtlRBTreeNode_t<T,I>,I>::CUtlMemory(int,int)' being compiled
          with
          [
              T=CUtlSymbolTable::CStringPoolIndex
  ,            I=unsigned short
          ]
          c:\users\hp\documents\hl2sb-src\src\public\tier1\utlrbtree.h(378) : while compiling class template member function 'CUtlRBTree<CUtlSymbolTable::CStringPoolIndex,unsigned short,CUtlSymbolTable::CLess,CUtlMemory<UtlRBTreeNode_t<T,I>,I>>::CUtlRBTree(int,int,const CUtlSymbolTable::CLess &)'
          with
          [
              T=CUtlSymbolTable::CStringPoolIndex
  ,            I=unsigned short
          ]
          c:\users\hp\documents\hl2sb-src\src\public\tier1\utlsymbol.h(149) : see reference to function template instantiation 'CUtlRBTree<CUtlSymbolTable::CStringPoolIndex,unsigned short,CUtlSymbolTable::CLess,CUtlMemory<UtlRBTreeNode_t<T,I>,I>>::CUtlRBTree(int,int,const CUtlSymbolTable::CLess &)' being compiled
          with
          [
              T=CUtlSymbolTable::CStringPoolIndex
  ,            I=unsigned short
          ]
          c:\users\hp\documents\hl2sb-src\src\public\tier1\utlsymbol.h(147) : see reference to class template instantiation 'CUtlRBTree<CUtlSymbolTable::CStringPoolIndex,unsigned short,CUtlSymbolTable::CLess,CUtlMemory<UtlRBTreeNode_t<T,I>,I>>' being compiled
          with
          [
              T=CUtlSymbolTable::CStringPoolIndex
  ,            I=unsigned short
          ]
c:\users\hp\documents\hl2sb-src\src\public\tier1\utlmemory.h(422): error C2228: left of '.name' must have class/struct/union (Menu.cpp)
c:\users\hp\documents\hl2sb-src\src\public\tier1\utlmemory.h(422): error C2664: 'CMemAllocAttributeAlloction::CMemAllocAttributeAlloction(const CMemAllocAttributeAlloction &)' : cannot convert argument 1 from 'int' to 'const CMemAllocAttributeAlloction &' (Menu.cpp)
          Reason: cannot convert from 'int' to 'const CMemAllocAttributeAlloction'
          No constructor could take the source type, or constructor overload resolution was ambiguous
          c:\users\hp\documents\hl2sb-src\src\vgui2\vgui_controls\predefined c++ types (compiler internal)(127) : see declaration of 'type_info'
          c:\users\hp\documents\hl2sb-src\src\vgui2\vgui_controls\predefined c++ types (compiler internal)(127) : see declaration of 'type_info'
          c:\users\hp\documents\hl2sb-src\src\vgui2\vgui_controls\predefined c++ types (compiler internal)(127) : see declaration of 'type_info'
          c:\users\hp\documents\hl2sb-src\src\vgui2\vgui_controls\predefined c++ types (compiler internal)(127) : see declaration of 'type_info'
c:\users\hp\documents\hl2sb-src\src\public\tier1\utlvector.h(714): error C2027: use of undefined type 'type_info' (Menu.cpp)
          c:\users\hp\documents\hl2sb-src\src\vgui2\vgui_controls\predefined c++ types (compiler internal)(127) : see declaration of 'type_info'
          c:\users\hp\documents\hl2sb-src\src\public\tier1\utlvector.h(711) : while compiling class template member function 'void CUtlVector<T,CUtlMemory<T,int>>::GrowVector(int)'
          with
          [
              T=int
          ]
          c:\users\hp\documents\hl2sb-src\src\public\tier1\utlvector.h(879) : see reference to function template instantiation 'void CUtlVector<T,CUtlMemory<T,int>>::GrowVector(int)' being compiled
          with
          [
              T=int
          ]
          c:\users\hp\documents\hl2sb-src\src\public\tier1\utlvector.h(553) : while compiling class template member function 'CUtlVector<T,CUtlMemory<T,int>>::CUtlVector(int,int)'
          with
          [
              T=int
          ]
          c:\users\hp\documents\hl2sb-src\src\vgui2\vgui_controls\menu.cpp(56) : see reference to function template instantiation 'CUtlVector<T,CUtlMemory<T,int>>::CUtlVector(int,int)' being compiled
          with
          [
              T=int
          ]
          c:\users\hp\documents\hl2sb-src\src\public\tier1\utlqueue.h(53) : see reference to class template instantiation 'CUtlVector<T,CUtlMemory<T,int>>' being compiled
          with
          [
              T=int
          ]
          c:\users\hp\documents\hl2sb-src\src\public\tier1\utlhandletable.h(86) : see reference to class template instantiation 'CUtlQueue<int>' being compiled
          c:\users\hp\documents\hl2sb-src\src\public\tier1\utlhandletable.h(87) : see reference to class template instantiation 'CUtlHandleTable<T,HandleBits>' being compiled
c:\users\hp\documents\hl2sb-src\src\public\tier1\utlvector.h(714): error C2228: left of '.name' must have class/struct/union (Menu.cpp)
c:\users\hp\documents\hl2sb-src\src\public\tier1\utlvector.h(714): error C2664: 'CMemAllocAttributeAlloction::CMemAllocAttributeAlloction(const CMemAllocAttributeAlloction &)' : cannot convert argument 1 from 'int' to 'const CMemAllocAttributeAlloction &' (Menu.cpp)
          Reason: cannot convert from 'int' to 'const CMemAllocAttributeAlloction'
          No constructor could take the source type, or constructor overload resolution was ambiguous
          c:\users\hp\documents\hl2sb-src\src\vgui2\vgui_controls\predefined c++ types (compiler internal)(127) : see declaration of 'type_info'
c:\users\hp\documents\hl2sb-src\src\public\tier1\utlmemory.h(422): error C2027: use of undefined type 'type_info' (PanelListPanel.cpp)
          c:\users\hp\documents\hl2sb-src\src\vgui2\vgui_controls\predefined c++ types (compiler internal)(127) : see declaration of 'type_info'
          c:\users\hp\documents\hl2sb-src\src\public\tier1\utlmemory.h(414) : while compiling class template member function 'CUtlMemory<T,int>::CUtlMemory(int,int)'
          with
          [
              T=vgui::MessageMapItem_t
          ]
          c:\users\hp\documents\hl2sb-src\src\public\tier1\utlvector.h(555) : see reference to function template instantiation 'CUtlMemory<T,int>::CUtlMemory(int,int)' being compiled
          with
          [
              T=vgui::MessageMapItem_t
          ]
          c:\users\hp\documents\hl2sb-src\src\public\tier1\utlvector.h(553) : while compiling class template member function 'CUtlVector<vgui::MessageMapItem_t,CUtlMemory<T,int>>::CUtlVector(int,int)'
          with
          [
              T=vgui::MessageMapItem_t
          ]
          c:\users\hp\documents\hl2sb-src\src\public\vgui_controls\messagemap.h(238) : see reference to function template instantiation 'CUtlVector<vgui::MessageMapItem_t,CUtlMemory<T,int>>::CUtlVector(int,int)' being compiled
          with
          [
              T=vgui::MessageMapItem_t
          ]
          c:\users\hp\documents\hl2sb-src\src\public\vgui_controls\messagemap.h(245) : see reference to class template instantiation 'CUtlVector<vgui::MessageMapItem_t,CUtlMemory<T,int>>' being compiled
          with
          [
              T=vgui::MessageMapItem_t
          ]
c:\users\hp\documents\hl2sb-src\src\public\tier1\utlmemory.h(422): error C2228: left of '.name' must have class/struct/union (PanelListPanel.cpp)
c:\users\hp\documents\hl2sb-src\src\public\tier1\utlmemory.h(422): error C2664: 'CMemAllocAttributeAlloction::CMemAllocAttributeAlloction(const CMemAllocAttributeAlloction &)' : cannot convert argument 1 from 'int' to 'const CMemAllocAttributeAlloction &' (PanelListPanel.cpp)
          Reason: cannot convert from 'int' to 'const CMemAllocAttributeAlloction'
          No constructor could take the source type, or constructor overload resolution was ambiguous
          c:\users\hp\documents\hl2sb-src\src\vgui2\vgui_controls\predefined c++ types (compiler internal)(127) : see declaration of 'type_info'
          c:\users\hp\documents\hl2sb-src\src\vgui2\vgui_controls\predefined c++ types (compiler internal)(127) : see declaration of 'type_info'
          c:\users\hp\documents\hl2sb-src\src\vgui2\vgui_controls\predefined c++ types (compiler internal)(127) : see declaration of 'type_info'
          c:\users\hp\documents\hl2sb-src\src\vgui2\vgui_controls\predefined c++ types (compiler internal)(127) : see declaration of 'type_info'
          c:\users\hp\documents\hl2sb-src\src\vgui2\vgui_controls\predefined c++ types (compiler internal)(127) : see declaration of 'type_info'
          c:\users\hp\documents\hl2sb-src\src\vgui2\vgui_controls\predefined c++ types (compiler internal)(127) : see declaration of 'type_info'
          c:\users\hp\documents\hl2sb-src\src\vgui2\vgui_controls\predefined c++ types (compiler internal)(127) : see declaration of 'type_info'
          c:\users\hp\documents\hl2sb-src\src\vgui2\vgui_controls\predefined c++ types (compiler internal)(127) : see declaration of 'type_info'
          c:\users\hp\documents\hl2sb-src\src\vgui2\vgui_controls\predefined c++ types (compiler internal)(127) : see declaration of 'type_info'
  PropertyDialog.cpp
  PropertyPage.cpp
c:\users\hp\documents\hl2sb-src\src\public\tier1\utlmemory.h(422): error C2027: use of undefined type 'type_info' (PerforceFileList.cpp)
          c:\users\hp\documents\hl2sb-src\src\vgui2\vgui_controls\predefined c++ types (compiler internal)(127) : see declaration of 'type_info'
          c:\users\hp\documents\hl2sb-src\src\public\tier1\utlmemory.h(414) : while compiling class template member function 'CUtlMemory<UtlRBTreeNode_t<T,I>,I>::CUtlMemory(int,int)'
          with
          [
              T=CUtlSymbolTable::CStringPoolIndex
  ,            I=unsigned short
          ]
          c:\users\hp\documents\hl2sb-src\src\public\tier1\utlrbtree.h(385) : see reference to function template instantiation 'CUtlMemory<UtlRBTreeNode_t<T,I>,I>::CUtlMemory(int,int)' being compiled
          with
          [
              T=CUtlSymbolTable::CStringPoolIndex
  ,            I=unsigned short
          ]
          c:\users\hp\documents\hl2sb-src\src\public\tier1\utlrbtree.h(378) : while compiling class template member function 'CUtlRBTree<CUtlSymbolTable::CStringPoolIndex,unsigned short,CUtlSymbolTable::CLess,CUtlMemory<UtlRBTreeNode_t<T,I>,I>>::CUtlRBTree(int,int,const CUtlSymbolTable::CLess &)'
          with
          [
              T=CUtlSymbolTable::CStringPoolIndex
  ,            I=unsigned short
          ]
          c:\users\hp\documents\hl2sb-src\src\public\tier1\utlsymbol.h(149) : see reference to function template instantiation 'CUtlRBTree<CUtlSymbolTable::CStringPoolIndex,unsigned short,CUtlSymbolTable::CLess,CUtlMemory<UtlRBTreeNode_t<T,I>,I>>::CUtlRBTree(int,int,const CUtlSymbolTable::CLess &)' being compiled
          with
          [
              T=CUtlSymbolTable::CStringPoolIndex
  ,            I=unsigned short
          ]
          c:\users\hp\documents\hl2sb-src\src\public\tier1\utlsymbol.h(147) : see reference to class template instantiation 'CUtlRBTree<CUtlSymbolTable::CStringPoolIndex,unsigned short,CUtlSymbolTable::CLess,CUtlMemory<UtlRBTreeNode_t<T,I>,I>>' being compiled
          with
          [
              T=CUtlSymbolTable::CStringPoolIndex
  ,            I=unsigned short
          ]
c:\users\hp\documents\hl2sb-src\src\public\tier1\utlmemory.h(422): error C2228: left of '.name' must have class/struct/union (PerforceFileList.cpp)
c:\users\hp\documents\hl2sb-src\src\public\tier1\utlmemory.h(422): error C2664: 'CMemAllocAttributeAlloction::CMemAllocAttributeAlloction(const CMemAllocAttributeAlloction &)' : cannot convert argument 1 from 'int' to 'const CMemAllocAttributeAlloction &' (PerforceFileList.cpp)
          Reason: cannot convert from 'int' to 'const CMemAllocAttributeAlloction'
          No constructor could take the source type, or constructor overload resolution was ambiguous
          c:\users\hp\documents\hl2sb-src\src\vgui2\vgui_controls\predefined c++ types (compiler internal)(127) : see declaration of 'type_info'
          c:\users\hp\documents\hl2sb-src\src\vgui2\vgui_controls\predefined c++ types (compiler internal)(127) : see declaration of 'type_info'
          c:\users\hp\documents\hl2sb-src\src\vgui2\vgui_controls\predefined c++ types (compiler internal)(127) : see declaration of 'type_info'
          c:\users\hp\documents\hl2sb-src\src\vgui2\vgui_controls\predefined c++ types (compiler internal)(127) : see declaration of 'type_info'
          c:\users\hp\documents\hl2sb-src\src\vgui2\vgui_controls\predefined c++ types (compiler internal)(127) : see declaration of 'type_info'
  PropertySheet.cpp
c:\users\hp\documents\hl2sb-src\src\public\tier1\utlmemory.h(422): error C2027: use of undefined type 'type_info' (PerforceFileExplorer.cpp)
          c:\users\hp\documents\hl2sb-src\src\vgui2\vgui_controls\predefined c++ types (compiler internal)(127) : see declaration of 'type_info'
          c:\users\hp\documents\hl2sb-src\src\public\tier1\utlmemory.h(414) : while compiling class template member function 'CUtlMemory<T,int>::CUtlMemory(int,int)'
          with
          [
              T=vgui::MessageMapItem_t
          ]
          c:\users\hp\documents\hl2sb-src\src\public\tier1\utlvector.h(555) : see reference to function template instantiation 'CUtlMemory<T,int>::CUtlMemory(int,int)' being compiled
          with
          [
              T=vgui::MessageMapItem_t
          ]
          c:\users\hp\documents\hl2sb-src\src\public\tier1\utlvector.h(553) : while compiling class template member function 'CUtlVector<vgui::MessageMapItem_t,CUtlMemory<T,int>>::CUtlVector(int,int)'
          with
          [
              T=vgui::MessageMapItem_t
          ]
          c:\users\hp\documents\hl2sb-src\src\public\vgui_controls\messagemap.h(238) : see reference to function template instantiation 'CUtlVector<vgui::MessageMapItem_t,CUtlMemory<T,int>>::CUtlVector(int,int)' being compiled
          with
          [
              T=vgui::MessageMapItem_t
          ]
          c:\users\hp\documents\hl2sb-src\src\public\vgui_controls\messagemap.h(245) : see reference to class template instantiation 'CUtlVector<vgui::MessageMapItem_t,CUtlMemory<T,int>>' being compiled
          with
          [
              T=vgui::MessageMapItem_t
          ]
c:\users\hp\documents\hl2sb-src\src\public\tier1\utlmemory.h(422): error C2228: left of '.name' must have class/struct/union (PerforceFileExplorer.cpp)
c:\users\hp\documents\hl2sb-src\src\public\tier1\utlmemory.h(422): error C2664: 'CMemAllocAttributeAlloction::CMemAllocAttributeAlloction(const CMemAllocAttributeAlloction &)' : cannot convert argument 1 from 'int' to 'const CMemAllocAttributeAlloction &' (PerforceFileExplorer.cpp)
          Reason: cannot convert from 'int' to 'const CMemAllocAttributeAlloction'
          No constructor could take the source type, or constructor overload resolution was ambiguous
          c:\users\hp\documents\hl2sb-src\src\vgui2\vgui_controls\predefined c++ types (compiler internal)(127) : see declaration of 'type_info'
          c:\users\hp\documents\hl2sb-src\src\vgui2\vgui_controls\predefined c++ types (compiler internal)(127) : see declaration of 'type_info'
          c:\users\hp\documents\hl2sb-src\src\vgui2\vgui_controls\predefined c++ types (compiler internal)(127) : see declaration of 'type_info'
          c:\users\hp\documents\hl2sb-src\src\vgui2\vgui_controls\predefined c++ types (compiler internal)(127) : see declaration of 'type_info'
  QueryBox.cpp
c:\users\hp\documents\hl2sb-src\src\public\tier1\utlmemory.h(422): error C2027: use of undefined type 'type_info' (ProgressBar.cpp)
          c:\users\hp\documents\hl2sb-src\src\vgui2\vgui_controls\predefined c++ types (compiler internal)(127) : see declaration of 'type_info'
          c:\users\hp\documents\hl2sb-src\src\public\tier1\utlmemory.h(414) : while compiling class template member function 'CUtlMemory<T,int>::CUtlMemory(int,int)'
          with
          [
              T=vgui::MessageMapItem_t
          ]
          c:\users\hp\documents\hl2sb-src\src\public\tier1\utlvector.h(555) : see reference to function template instantiation 'CUtlMemory<T,int>::CUtlMemory(int,int)' being compiled
          with
          [
              T=vgui::MessageMapItem_t
          ]
          c:\users\hp\documents\hl2sb-src\src\public\tier1\utlvector.h(553) : while compiling class template member function 'CUtlVector<vgui::MessageMapItem_t,CUtlMemory<T,int>>::CUtlVector(int,int)'
          with
          [
              T=vgui::MessageMapItem_t
          ]
          c:\users\hp\documents\hl2sb-src\src\public\vgui_controls\messagemap.h(238) : see reference to function template instantiation 'CUtlVector<vgui::MessageMapItem_t,CUtlMemory<T,int>>::CUtlVector(int,int)' being compiled
          with
          [
              T=vgui::MessageMapItem_t
          ]
          c:\users\hp\documents\hl2sb-src\src\public\vgui_controls\messagemap.h(245) : see reference to class template instantiation 'CUtlVector<vgui::MessageMapItem_t,CUtlMemory<T,int>>' being compiled
          with
          [
              T=vgui::MessageMapItem_t
          ]
c:\users\hp\documents\hl2sb-src\src\public\tier1\utlmemory.h(422): error C2228: left of '.name' must have class/struct/union (ProgressBar.cpp)
c:\users\hp\documents\hl2sb-src\src\public\tier1\utlmemory.h(422): error C2664: 'CMemAllocAttributeAlloction::CMemAllocAttributeAlloction(const CMemAllocAttributeAlloction &)' : cannot convert argument 1 from 'int' to 'const CMemAllocAttributeAlloction &' (ProgressBar.cpp)
          Reason: cannot convert from 'int' to 'const CMemAllocAttributeAlloction'
          No constructor could take the source type, or constructor overload resolution was ambiguous
          c:\users\hp\documents\hl2sb-src\src\vgui2\vgui_controls\predefined c++ types (compiler internal)(127) : see declaration of 'type_info'
          c:\users\hp\documents\hl2sb-src\src\vgui2\vgui_controls\predefined c++ types (compiler internal)(127) : see declaration of 'type_info'
          c:\users\hp\documents\hl2sb-src\src\vgui2\vgui_controls\predefined c++ types (compiler internal)(127) : see declaration of 'type_info'
          c:\users\hp\documents\hl2sb-src\src\vgui2\vgui_controls\predefined c++ types (compiler internal)(127) : see declaration of 'type_info'
  RadioButton.cpp
c:\users\hp\documents\hl2sb-src\src\public\tier1\utlmemory.h(422): error C2027: use of undefined type 'type_info' (perforcefilelistframe.cpp)
          c:\users\hp\documents\hl2sb-src\src\vgui2\vgui_controls\predefined c++ types (compiler internal)(127) : see declaration of 'type_info'
          c:\users\hp\documents\hl2sb-src\src\public\tier1\utlmemory.h(414) : while compiling class template member function 'CUtlMemory<T,int>::CUtlMemory(int,int)'
          with
          [
              T=vgui::MessageMapItem_t
          ]
          c:\users\hp\documents\hl2sb-src\src\public\tier1\utlvector.h(555) : see reference to function template instantiation 'CUtlMemory<T,int>::CUtlMemory(int,int)' being compiled
          with
          [
              T=vgui::MessageMapItem_t
          ]
          c:\users\hp\documents\hl2sb-src\src\public\tier1\utlvector.h(553) : while compiling class template member function 'CUtlVector<vgui::MessageMapItem_t,CUtlMemory<T,int>>::CUtlVector(int,int)'
          with
          [
              T=vgui::MessageMapItem_t
          ]
          c:\users\hp\documents\hl2sb-src\src\public\vgui_controls\messagemap.h(238) : see reference to function template instantiation 'CUtlVector<vgui::MessageMapItem_t,CUtlMemory<T,int>>::CUtlVector(int,int)' being compiled
          with
          [
              T=vgui::MessageMapItem_t
          ]
          c:\users\hp\documents\hl2sb-src\src\public\vgui_controls\messagemap.h(245) : see reference to class template instantiation 'CUtlVector<vgui::MessageMapItem_t,CUtlMemory<T,int>>' being compiled
          with
          [
              T=vgui::MessageMapItem_t
          ]
c:\users\hp\documents\hl2sb-src\src\public\tier1\utlmemory.h(422): error C2228: left of '.name' must have class/struct/union (perforcefilelistframe.cpp)
c:\users\hp\documents\hl2sb-src\src\public\tier1\utlmemory.h(422): error C2664: 'CMemAllocAttributeAlloction::CMemAllocAttributeAlloction(const CMemAllocAttributeAlloction &)' : cannot convert argument 1 from 'int' to 'const CMemAllocAttributeAlloction &' (perforcefilelistframe.cpp)
          Reason: cannot convert from 'int' to 'const CMemAllocAttributeAlloction'
          No constructor could take the source type, or constructor overload resolution was ambiguous
          c:\users\hp\documents\hl2sb-src\src\vgui2\vgui_controls\predefined c++ types (compiler internal)(127) : see declaration of 'type_info'
          c:\users\hp\documents\hl2sb-src\src\vgui2\vgui_controls\predefined c++ types (compiler internal)(127) : see declaration of 'type_info'
          c:\users\hp\documents\hl2sb-src\src\vgui2\vgui_controls\predefined c++ types (compiler internal)(127) : see declaration of 'type_info'
          c:\users\hp\documents\hl2sb-src\src\vgui2\vgui_controls\predefined c++ types (compiler internal)(127) : see declaration of 'type_info'
          c:\users\hp\documents\hl2sb-src\src\vgui2\vgui_controls\predefined c++ types (compiler internal)(127) : see declaration of 'type_info'
  RichText.cpp
c:\users\hp\documents\hl2sb-src\src\public\tier1\utldict.h(303): error C2027: use of undefined type 'type_info' (Panel.cpp)
          c:\users\hp\documents\hl2sb-src\src\vgui2\vgui_controls\predefined c++ types (compiler internal)(127) : see declaration of 'type_info'
          c:\users\hp\documents\hl2sb-src\src\public\tier1\utldict.h(302) : while compiling class template member function 'int CUtlDict<vgui::IPanelAnimationPropertyConverter *,int>::Insert(const char *,const T &)'
          with
          [
              T=vgui::IPanelAnimationPropertyConverter *
          ]
          c:\users\hp\documents\hl2sb-src\src\vgui2\vgui_controls\panel.cpp(6151) : see reference to function template instantiation 'int CUtlDict<vgui::IPanelAnimationPropertyConverter *,int>::Insert(const char *,const T &)' being compiled
          with
          [
              T=vgui::IPanelAnimationPropertyConverter *
          ]
          c:\users\hp\documents\hl2sb-src\src\vgui2\vgui_controls\panel.cpp(6130) : see reference to class template instantiation 'CUtlDict<vgui::IPanelAnimationPropertyConverter *,int>' being compiled
c:\users\hp\documents\hl2sb-src\src\public\tier1\utldict.h(303): error C2228: left of '.name' must have class/struct/union (Panel.cpp)
c:\users\hp\documents\hl2sb-src\src\public\tier1\utldict.h(303): error C2664: 'CMemAllocAttributeAlloction::CMemAllocAttributeAlloction(const CMemAllocAttributeAlloction &)' : cannot convert argument 1 from 'int' to 'const CMemAllocAttributeAlloction &' (Panel.cpp)
          Reason: cannot convert from 'int' to 'const CMemAllocAttributeAlloction'
          No constructor could take the source type, or constructor overload resolution was ambiguous
c:\users\hp\documents\hl2sb-src\src\public\tier1\utldict.h(321): error C2027: use of undefined type 'type_info' (Panel.cpp)
          c:\users\hp\documents\hl2sb-src\src\vgui2\vgui_controls\predefined c++ types (compiler internal)(127) : see declaration of 'type_info'
          c:\users\hp\documents\hl2sb-src\src\public\tier1\utldict.h(320) : while compiling class template member function 'int CUtlDict<vgui::IPanelAnimationPropertyConverter *,int>::Find(const char *) const'
          c:\users\hp\documents\hl2sb-src\src\vgui2\vgui_controls\panel.cpp(6134) : see reference to function template instantiation 'int CUtlDict<vgui::IPanelAnimationPropertyConverter *,int>::Find(const char *) const' being compiled
c:\users\hp\documents\hl2sb-src\src\public\tier1\utldict.h(321): error C2228: left of '.name' must have class/struct/union (Panel.cpp)
c:\users\hp\documents\hl2sb-src\src\public\tier1\utldict.h(321): error C2664: 'CMemAllocAttributeAlloction::CMemAllocAttributeAlloction(const CMemAllocAttributeAlloction &)' : cannot convert argument 1 from 'int' to 'const CMemAllocAttributeAlloction &' (Panel.cpp)
          Reason: cannot convert from 'int' to 'const CMemAllocAttributeAlloction'
          No constructor could take the source type, or constructor overload resolution was ambiguous
          c:\users\hp\documents\hl2sb-src\src\vgui2\vgui_controls\predefined c++ types (compiler internal)(127) : see declaration of 'type_info'
          c:\users\hp\documents\hl2sb-src\src\vgui2\vgui_controls\predefined c++ types (compiler internal)(127) : see declaration of 'type_info'
          c:\users\hp\documents\hl2sb-src\src\vgui2\vgui_controls\predefined c++ types (compiler internal)(127) : see declaration of 'type_info'
          c:\users\hp\documents\hl2sb-src\src\vgui2\vgui_controls\predefined c++ types (compiler internal)(127) : see declaration of 'type_info'
  RotatingProgressBar.cpp
c:\users\hp\documents\hl2sb-src\src\public\tier1\utlmemory.h(422): error C2027: use of undefined type 'type_info' (ProgressBox.cpp)
          c:\users\hp\documents\hl2sb-src\src\vgui2\vgui_controls\predefined c++ types (compiler internal)(127) : see declaration of 'type_info'
          c:\users\hp\documents\hl2sb-src\src\public\tier1\utlmemory.h(414) : while compiling class template member function 'CUtlMemory<T,int>::CUtlMemory(int,int)'
          with
          [
              T=vgui::MessageMapItem_t
          ]
          c:\users\hp\documents\hl2sb-src\src\public\tier1\utlvector.h(555) : see reference to function template instantiation 'CUtlMemory<T,int>::CUtlMemory(int,int)' being compiled
          with
          [
              T=vgui::MessageMapItem_t
          ]
          c:\users\hp\documents\hl2sb-src\src\public\tier1\utlvector.h(553) : while compiling class template member function 'CUtlVector<vgui::MessageMapItem_t,CUtlMemory<T,int>>::CUtlVector(int,int)'
          with
          [
              T=vgui::MessageMapItem_t
          ]
          c:\users\hp\documents\hl2sb-src\src\public\vgui_controls\messagemap.h(238) : see reference to function template instantiation 'CUtlVector<vgui::MessageMapItem_t,CUtlMemory<T,int>>::CUtlVector(int,int)' being compiled
          with
          [
              T=vgui::MessageMapItem_t
          ]
          c:\users\hp\documents\hl2sb-src\src\public\vgui_controls\messagemap.h(245) : see reference to class template instantiation 'CUtlVector<vgui::MessageMapItem_t,CUtlMemory<T,int>>' being compiled
          with
          [
              T=vgui::MessageMapItem_t
          ]
c:\users\hp\documents\hl2sb-src\src\public\tier1\utlmemory.h(422): error C2228: left of '.name' must have class/struct/union (ProgressBox.cpp)
c:\users\hp\documents\hl2sb-src\src\public\tier1\utlmemory.h(422): error C2664: 'CMemAllocAttributeAlloction::CMemAllocAttributeAlloction(const CMemAllocAttributeAlloction &)' : cannot convert argument 1 from 'int' to 'const CMemAllocAttributeAlloction &' (ProgressBox.cpp)
          Reason: cannot convert from 'int' to 'const CMemAllocAttributeAlloction'
          No constructor could take the source type, or constructor overload resolution was ambiguous
          c:\users\hp\documents\hl2sb-src\src\vgui2\vgui_controls\predefined c++ types (compiler internal)(127) : see declaration of 'type_info'
          c:\users\hp\documents\hl2sb-src\src\vgui2\vgui_controls\predefined c++ types (compiler internal)(127) : see declaration of 'type_info'
          c:\users\hp\documents\hl2sb-src\src\vgui2\vgui_controls\predefined c++ types (compiler internal)(127) : see declaration of 'type_info'
          c:\users\hp\documents\hl2sb-src\src\vgui2\vgui_controls\predefined c++ types (compiler internal)(127) : see declaration of 'type_info'
  savedocumentquery.cpp
c:\users\hp\documents\hl2sb-src\src\public\tier1\utlmemory.h(422): error C2027: use of undefined type 'type_info' (PropertyPage.cpp)
          c:\users\hp\documents\hl2sb-src\src\vgui2\vgui_controls\predefined c++ types (compiler internal)(127) : see declaration of 'type_info'
          c:\users\hp\documents\hl2sb-src\src\public\tier1\utlmemory.h(414) : while compiling class template member function 'CUtlMemory<T,int>::CUtlMemory(int,int)'
          with
          [
              T=vgui::MessageMapItem_t
          ]
          c:\users\hp\documents\hl2sb-src\src\public\tier1\utlvector.h(555) : see reference to function template instantiation 'CUtlMemory<T,int>::CUtlMemory(int,int)' being compiled
          with
          [
              T=vgui::MessageMapItem_t
          ]
          c:\users\hp\documents\hl2sb-src\src\public\tier1\utlvector.h(553) : while compiling class template member function 'CUtlVector<vgui::MessageMapItem_t,CUtlMemory<T,int>>::CUtlVector(int,int)'
          with
          [
              T=vgui::MessageMapItem_t
          ]
          c:\users\hp\documents\hl2sb-src\src\public\vgui_controls\messagemap.h(238) : see reference to function template instantiation 'CUtlVector<vgui::MessageMapItem_t,CUtlMemory<T,int>>::CUtlVector(int,int)' being compiled
          with
          [
              T=vgui::MessageMapItem_t
          ]
          c:\users\hp\documents\hl2sb-src\src\public\vgui_controls\messagemap.h(245) : see reference to class template instantiation 'CUtlVector<vgui::MessageMapItem_t,CUtlMemory<T,int>>' being compiled
          with
          [
              T=vgui::MessageMapItem_t
          ]
c:\users\hp\documents\hl2sb-src\src\public\tier1\utlmemory.h(422): error C2228: left of '.name' must have class/struct/union (PropertyPage.cpp)
c:\users\hp\documents\hl2sb-src\src\public\tier1\utlmemory.h(422): error C2664: 'CMemAllocAttributeAlloction::CMemAllocAttributeAlloction(const CMemAllocAttributeAlloction &)' : cannot convert argument 1 from 'int' to 'const CMemAllocAttributeAlloction &' (PropertyPage.cpp)
          Reason: cannot convert from 'int' to 'const CMemAllocAttributeAlloction'
          No constructor could take the source type, or constructor overload resolution was ambiguous
          c:\users\hp\documents\hl2sb-src\src\vgui2\vgui_controls\predefined c++ types (compiler internal)(127) : see declaration of 'type_info'
          c:\users\hp\documents\hl2sb-src\src\vgui2\vgui_controls\predefined c++ types (compiler internal)(127) : see declaration of 'type_info'
          c:\users\hp\documents\hl2sb-src\src\vgui2\vgui_controls\predefined c++ types (compiler internal)(127) : see declaration of 'type_info'
          c:\users\hp\documents\hl2sb-src\src\vgui2\vgui_controls\predefined c++ types (compiler internal)(127) : see declaration of 'type_info'
  ScalableImagePanel.cpp
c:\users\hp\documents\hl2sb-src\src\public\tier1\utlmemory.h(422): error C2027: use of undefined type 'type_info' (PropertyDialog.cpp)
          c:\users\hp\documents\hl2sb-src\src\vgui2\vgui_controls\predefined c++ types (compiler internal)(127) : see declaration of 'type_info'
          c:\users\hp\documents\hl2sb-src\src\public\tier1\utlmemory.h(414) : while compiling class template member function 'CUtlMemory<T,int>::CUtlMemory(int,int)'
          with
          [
              T=vgui::MessageMapItem_t
          ]
          c:\users\hp\documents\hl2sb-src\src\public\tier1\utlvector.h(555) : see reference to function template instantiation 'CUtlMemory<T,int>::CUtlMemory(int,int)' being compiled
          with
          [
              T=vgui::MessageMapItem_t
          ]
          c:\users\hp\documents\hl2sb-src\src\public\tier1\utlvector.h(553) : while compiling class template member function 'CUtlVector<vgui::MessageMapItem_t,CUtlMemory<T,int>>::CUtlVector(int,int)'
          with
          [
              T=vgui::MessageMapItem_t
          ]
          c:\users\hp\documents\hl2sb-src\src\public\vgui_controls\messagemap.h(238) : see reference to function template instantiation 'CUtlVector<vgui::MessageMapItem_t,CUtlMemory<T,int>>::CUtlVector(int,int)' being compiled
          with
          [
              T=vgui::MessageMapItem_t
          ]
          c:\users\hp\documents\hl2sb-src\src\public\vgui_controls\messagemap.h(245) : see reference to class template instantiation 'CUtlVector<vgui::MessageMapItem_t,CUtlMemory<T,int>>' being compiled
          with
          [
              T=vgui::MessageMapItem_t
          ]
c:\users\hp\documents\hl2sb-src\src\public\tier1\utlmemory.h(422): error C2228: left of '.name' must have class/struct/union (PropertyDialog.cpp)
c:\users\hp\documents\hl2sb-src\src\public\tier1\utlmemory.h(422): error C2664: 'CMemAllocAttributeAlloction::CMemAllocAttributeAlloction(const CMemAllocAttributeAlloction &)' : cannot convert argument 1 from 'int' to 'const CMemAllocAttributeAlloction &' (PropertyDialog.cpp)
          Reason: cannot convert from 'int' to 'const CMemAllocAttributeAlloction'
          No constructor could take the source type, or constructor overload resolution was ambiguous
          c:\users\hp\documents\hl2sb-src\src\vgui2\vgui_controls\predefined c++ types (compiler internal)(127) : see declaration of 'type_info'
          c:\users\hp\documents\hl2sb-src\src\vgui2\vgui_controls\predefined c++ types (compiler internal)(127) : see declaration of 'type_info'
          c:\users\hp\documents\hl2sb-src\src\vgui2\vgui_controls\predefined c++ types (compiler internal)(127) : see declaration of 'type_info'
          c:\users\hp\documents\hl2sb-src\src\vgui2\vgui_controls\predefined c++ types (compiler internal)(127) : see declaration of 'type_info'
  ScrollableEditablePanel.cpp
c:\users\hp\documents\hl2sb-src\src\public\tier1\utlmemory.h(422): error C2027: use of undefined type 'type_info' (QueryBox.cpp)
          c:\users\hp\documents\hl2sb-src\src\vgui2\vgui_controls\predefined c++ types (compiler internal)(127) : see declaration of 'type_info'
          c:\users\hp\documents\hl2sb-src\src\public\tier1\utlmemory.h(414) : while compiling class template member function 'CUtlMemory<T,int>::CUtlMemory(int,int)'
          with
          [
              T=vgui::MessageMapItem_t
          ]
          c:\users\hp\documents\hl2sb-src\src\public\tier1\utlvector.h(555) : see reference to function template instantiation 'CUtlMemory<T,int>::CUtlMemory(int,int)' being compiled
          with
          [
              T=vgui::MessageMapItem_t
          ]
          c:\users\hp\documents\hl2sb-src\src\public\tier1\utlvector.h(553) : while compiling class template member function 'CUtlVector<vgui::MessageMapItem_t,CUtlMemory<T,int>>::CUtlVector(int,int)'
          with
          [
              T=vgui::MessageMapItem_t
          ]
          c:\users\hp\documents\hl2sb-src\src\public\vgui_controls\messagemap.h(238) : see reference to function template instantiation 'CUtlVector<vgui::MessageMapItem_t,CUtlMemory<T,int>>::CUtlVector(int,int)' being compiled
          with
          [
              T=vgui::MessageMapItem_t
          ]
          c:\users\hp\documents\hl2sb-src\src\public\vgui_controls\messagemap.h(245) : see reference to class template instantiation 'CUtlVector<vgui::MessageMapItem_t,CUtlMemory<T,int>>' being compiled
          with
          [
              T=vgui::MessageMapItem_t
          ]
c:\users\hp\documents\hl2sb-src\src\public\tier1\utlmemory.h(422): error C2228: left of '.name' must have class/struct/union (QueryBox.cpp)
c:\users\hp\documents\hl2sb-src\src\public\tier1\utlmemory.h(422): error C2664: 'CMemAllocAttributeAlloction::CMemAllocAttributeAlloction(const CMemAllocAttributeAlloction &)' : cannot convert argument 1 from 'int' to 'const CMemAllocAttributeAlloction &' (QueryBox.cpp)
          Reason: cannot convert from 'int' to 'const CMemAllocAttributeAlloction'
          No constructor could take the source type, or constructor overload resolution was ambiguous
          c:\users\hp\documents\hl2sb-src\src\vgui2\vgui_controls\predefined c++ types (compiler internal)(127) : see declaration of 'type_info'
          c:\users\hp\documents\hl2sb-src\src\vgui2\vgui_controls\predefined c++ types (compiler internal)(127) : see declaration of 'type_info'
          c:\users\hp\documents\hl2sb-src\src\vgui2\vgui_controls\predefined c++ types (compiler internal)(127) : see declaration of 'type_info'
          c:\users\hp\documents\hl2sb-src\src\vgui2\vgui_controls\predefined c++ types (compiler internal)(127) : see declaration of 'type_info'
  ScrollBar.cpp
c:\users\hp\documents\hl2sb-src\src\public\tier1\utlmemory.h(422): error C2027: use of undefined type 'type_info' (RadioButton.cpp)
          c:\users\hp\documents\hl2sb-src\src\vgui2\vgui_controls\predefined c++ types (compiler internal)(127) : see declaration of 'type_info'
          c:\users\hp\documents\hl2sb-src\src\public\tier1\utlmemory.h(414) : while compiling class template member function 'CUtlMemory<T,int>::CUtlMemory(int,int)'
          with
          [
              T=vgui::MessageMapItem_t
          ]
          c:\users\hp\documents\hl2sb-src\src\public\tier1\utlvector.h(555) : see reference to function template instantiation 'CUtlMemory<T,int>::CUtlMemory(int,int)' being compiled
          with
          [
              T=vgui::MessageMapItem_t
          ]
          c:\users\hp\documents\hl2sb-src\src\public\tier1\utlvector.h(553) : while compiling class template member function 'CUtlVector<vgui::MessageMapItem_t,CUtlMemory<T,int>>::CUtlVector(int,int)'
          with
          [
              T=vgui::MessageMapItem_t
          ]
          c:\users\hp\documents\hl2sb-src\src\public\vgui_controls\messagemap.h(238) : see reference to function template instantiation 'CUtlVector<vgui::MessageMapItem_t,CUtlMemory<T,int>>::CUtlVector(int,int)' being compiled
          with
          [
              T=vgui::MessageMapItem_t
          ]
          c:\users\hp\documents\hl2sb-src\src\public\vgui_controls\messagemap.h(245) : see reference to class template instantiation 'CUtlVector<vgui::MessageMapItem_t,CUtlMemory<T,int>>' being compiled
          with
          [
              T=vgui::MessageMapItem_t
          ]
c:\users\hp\documents\hl2sb-src\src\public\tier1\utlmemory.h(422): error C2228: left of '.name' must have class/struct/union (RadioButton.cpp)
c:\users\hp\documents\hl2sb-src\src\public\tier1\utlmemory.h(422): error C2664: 'CMemAllocAttributeAlloction::CMemAllocAttributeAlloction(const CMemAllocAttributeAlloction &)' : cannot convert argument 1 from 'int' to 'const CMemAllocAttributeAlloction &' (RadioButton.cpp)
          Reason: cannot convert from 'int' to 'const CMemAllocAttributeAlloction'
          No constructor could take the source type, or constructor overload resolution was ambiguous
          c:\users\hp\documents\hl2sb-src\src\vgui2\vgui_controls\predefined c++ types (compiler internal)(127) : see declaration of 'type_info'
          c:\users\hp\documents\hl2sb-src\src\vgui2\vgui_controls\predefined c++ types (compiler internal)(127) : see declaration of 'type_info'
          c:\users\hp\documents\hl2sb-src\src\vgui2\vgui_controls\predefined c++ types (compiler internal)(127) : see declaration of 'type_info'
          c:\users\hp\documents\hl2sb-src\src\vgui2\vgui_controls\predefined c++ types (compiler internal)(127) : see declaration of 'type_info'
  ScrollBarSlider.cpp
c:\users\hp\documents\hl2sb-src\src\public\tier1\utlmemory.h(422): error C2027: use of undefined type 'type_info' (PropertySheet.cpp)
          c:\users\hp\documents\hl2sb-src\src\vgui2\vgui_controls\predefined c++ types (compiler internal)(127) : see declaration of 'type_info'
          c:\users\hp\documents\hl2sb-src\src\public\tier1\utlmemory.h(414) : while compiling class template member function 'CUtlMemory<T,int>::CUtlMemory(int,int)'
          with
          [
              T=vgui::MessageMapItem_t
          ]
          c:\users\hp\documents\hl2sb-src\src\public\tier1\utlvector.h(555) : see reference to function template instantiation 'CUtlMemory<T,int>::CUtlMemory(int,int)' being compiled
          with
          [
              T=vgui::MessageMapItem_t
          ]
          c:\users\hp\documents\hl2sb-src\src\public\tier1\utlvector.h(553) : while compiling class template member function 'CUtlVector<vgui::MessageMapItem_t,CUtlMemory<T,int>>::CUtlVector(int,int)'
          with
          [
              T=vgui::MessageMapItem_t
          ]
          c:\users\hp\documents\hl2sb-src\src\public\vgui_controls\messagemap.h(238) : see reference to function template instantiation 'CUtlVector<vgui::MessageMapItem_t,CUtlMemory<T,int>>::CUtlVector(int,int)' being compiled
          with
          [
              T=vgui::MessageMapItem_t
          ]
          c:\users\hp\documents\hl2sb-src\src\public\vgui_controls\messagemap.h(245) : see reference to class template instantiation 'CUtlVector<vgui::MessageMapItem_t,CUtlMemory<T,int>>' being compiled
          with
          [
              T=vgui::MessageMapItem_t
          ]
c:\users\hp\documents\hl2sb-src\src\public\tier1\utlmemory.h(422): error C2228: left of '.name' must have class/struct/union (PropertySheet.cpp)
c:\users\hp\documents\hl2sb-src\src\public\tier1\utlmemory.h(422): error C2664: 'CMemAllocAttributeAlloction::CMemAllocAttributeAlloction(const CMemAllocAttributeAlloction &)' : cannot convert argument 1 from 'int' to 'const CMemAllocAttributeAlloction &' (PropertySheet.cpp)
          Reason: cannot convert from 'int' to 'const CMemAllocAttributeAlloction'
          No constructor could take the source type, or constructor overload resolution was ambiguous
          c:\users\hp\documents\hl2sb-src\src\vgui2\vgui_controls\predefined c++ types (compiler internal)(127) : see declaration of 'type_info'
          c:\users\hp\documents\hl2sb-src\src\vgui2\vgui_controls\predefined c++ types (compiler internal)(127) : see declaration of 'type_info'
          c:\users\hp\documents\hl2sb-src\src\vgui2\vgui_controls\predefined c++ types (compiler internal)(127) : see declaration of 'type_info'
          c:\users\hp\documents\hl2sb-src\src\vgui2\vgui_controls\predefined c++ types (compiler internal)(127) : see declaration of 'type_info'
          c:\users\hp\documents\hl2sb-src\src\vgui2\vgui_controls\predefined c++ types (compiler internal)(127) : see declaration of 'type_info'
          c:\users\hp\documents\hl2sb-src\src\vgui2\vgui_controls\predefined c++ types (compiler internal)(127) : see declaration of 'type_info'
  SectionedListPanel.cpp
c:\users\hp\documents\hl2sb-src\src\public\tier1\utlmemory.h(422): error C2027: use of undefined type 'type_info' (RotatingProgressBar.cpp)
          c:\users\hp\documents\hl2sb-src\src\vgui2\vgui_controls\predefined c++ types (compiler internal)(127) : see declaration of 'type_info'
          c:\users\hp\documents\hl2sb-src\src\public\tier1\utlmemory.h(414) : while compiling class template member function 'CUtlMemory<T,int>::CUtlMemory(int,int)'
          with
          [
              T=vgui::MessageMapItem_t
          ]
          c:\users\hp\documents\hl2sb-src\src\public\tier1\utlvector.h(555) : see reference to function template instantiation 'CUtlMemory<T,int>::CUtlMemory(int,int)' being compiled
          with
          [
              T=vgui::MessageMapItem_t
          ]
          c:\users\hp\documents\hl2sb-src\src\public\tier1\utlvector.h(553) : while compiling class template member function 'CUtlVector<vgui::MessageMapItem_t,CUtlMemory<T,int>>::CUtlVector(int,int)'
          with
          [
              T=vgui::MessageMapItem_t
          ]
          c:\users\hp\documents\hl2sb-src\src\public\vgui_controls\messagemap.h(238) : see reference to function template instantiation 'CUtlVector<vgui::MessageMapItem_t,CUtlMemory<T,int>>::CUtlVector(int,int)' being compiled
          with
          [
              T=vgui::MessageMapItem_t
          ]
          c:\users\hp\documents\hl2sb-src\src\public\vgui_controls\messagemap.h(245) : see reference to class template instantiation 'CUtlVector<vgui::MessageMapItem_t,CUtlMemory<T,int>>' being compiled
          with
          [
              T=vgui::MessageMapItem_t
          ]
c:\users\hp\documents\hl2sb-src\src\public\tier1\utlmemory.h(422): error C2228: left of '.name' must have class/struct/union (RotatingProgressBar.cpp)
c:\users\hp\documents\hl2sb-src\src\public\tier1\utlmemory.h(422): error C2664: 'CMemAllocAttributeAlloction::CMemAllocAttributeAlloction(const CMemAllocAttributeAlloction &)' : cannot convert argument 1 from 'int' to 'const CMemAllocAttributeAlloction &' (RotatingProgressBar.cpp)
          Reason: cannot convert from 'int' to 'const CMemAllocAttributeAlloction'
          No constructor could take the source type, or constructor overload resolution was ambiguous
          c:\users\hp\documents\hl2sb-src\src\vgui2\vgui_controls\predefined c++ types (compiler internal)(127) : see declaration of 'type_info'
          c:\users\hp\documents\hl2sb-src\src\vgui2\vgui_controls\predefined c++ types (compiler internal)(127) : see declaration of 'type_info'
          c:\users\hp\documents\hl2sb-src\src\vgui2\vgui_controls\predefined c++ types (compiler internal)(127) : see declaration of 'type_info'
          c:\users\hp\documents\hl2sb-src\src\vgui2\vgui_controls\predefined c++ types (compiler internal)(127) : see declaration of 'type_info'
  Slider.cpp
c:\users\hp\documents\hl2sb-src\src\public\tier1\utlmemory.h(422): error C2027: use of undefined type 'type_info' (savedocumentquery.cpp)
          c:\users\hp\documents\hl2sb-src\src\vgui2\vgui_controls\predefined c++ types (compiler internal)(127) : see declaration of 'type_info'
          c:\users\hp\documents\hl2sb-src\src\public\tier1\utlmemory.h(414) : while compiling class template member function 'CUtlMemory<T,int>::CUtlMemory(int,int)'
          with
          [
              T=vgui::MessageMapItem_t
          ]
          c:\users\hp\documents\hl2sb-src\src\public\tier1\utlvector.h(555) : see reference to function template instantiation 'CUtlMemory<T,int>::CUtlMemory(int,int)' being compiled
          with
          [
              T=vgui::MessageMapItem_t
          ]
          c:\users\hp\documents\hl2sb-src\src\public\tier1\utlvector.h(553) : while compiling class template member function 'CUtlVector<vgui::MessageMapItem_t,CUtlMemory<T,int>>::CUtlVector(int,int)'
          with
          [
              T=vgui::MessageMapItem_t
          ]
          c:\users\hp\documents\hl2sb-src\src\public\vgui_controls\messagemap.h(238) : see reference to function template instantiation 'CUtlVector<vgui::MessageMapItem_t,CUtlMemory<T,int>>::CUtlVector(int,int)' being compiled
          with
          [
              T=vgui::MessageMapItem_t
          ]
          c:\users\hp\documents\hl2sb-src\src\public\vgui_controls\messagemap.h(245) : see reference to class template instantiation 'CUtlVector<vgui::MessageMapItem_t,CUtlMemory<T,int>>' being compiled
          with
          [
              T=vgui::MessageMapItem_t
          ]
c:\users\hp\documents\hl2sb-src\src\public\tier1\utlmemory.h(422): error C2228: left of '.name' must have class/struct/union (savedocumentquery.cpp)
c:\users\hp\documents\hl2sb-src\src\public\tier1\utlmemory.h(422): error C2664: 'CMemAllocAttributeAlloction::CMemAllocAttributeAlloction(const CMemAllocAttributeAlloction &)' : cannot convert argument 1 from 'int' to 'const CMemAllocAttributeAlloction &' (savedocumentquery.cpp)
          Reason: cannot convert from 'int' to 'const CMemAllocAttributeAlloction'
          No constructor could take the source type, or constructor overload resolution was ambiguous
          c:\users\hp\documents\hl2sb-src\src\vgui2\vgui_controls\predefined c++ types (compiler internal)(127) : see declaration of 'type_info'
          c:\users\hp\documents\hl2sb-src\src\vgui2\vgui_controls\predefined c++ types (compiler internal)(127) : see declaration of 'type_info'
          c:\users\hp\documents\hl2sb-src\src\vgui2\vgui_controls\predefined c++ types (compiler internal)(127) : see declaration of 'type_info'
          c:\users\hp\documents\hl2sb-src\src\vgui2\vgui_controls\predefined c++ types (compiler internal)(127) : see declaration of 'type_info'
  Splitter.cpp
c:\users\hp\documents\hl2sb-src\src\public\tier1\utlmemory.h(422): error C2027: use of undefined type 'type_info' (ScalableImagePanel.cpp)
          c:\users\hp\documents\hl2sb-src\src\vgui2\vgui_controls\predefined c++ types (compiler internal)(127) : see declaration of 'type_info'
          c:\users\hp\documents\hl2sb-src\src\public\tier1\utlmemory.h(414) : while compiling class template member function 'CUtlMemory<T,int>::CUtlMemory(int,int)'
          with
          [
              T=vgui::MessageMapItem_t
          ]
          c:\users\hp\documents\hl2sb-src\src\public\tier1\utlvector.h(555) : see reference to function template instantiation 'CUtlMemory<T,int>::CUtlMemory(int,int)' being compiled
          with
          [
              T=vgui::MessageMapItem_t
          ]
          c:\users\hp\documents\hl2sb-src\src\public\tier1\utlvector.h(553) : while compiling class template member function 'CUtlVector<vgui::MessageMapItem_t,CUtlMemory<T,int>>::CUtlVector(int,int)'
          with
          [
              T=vgui::MessageMapItem_t
          ]
          c:\users\hp\documents\hl2sb-src\src\public\vgui_controls\messagemap.h(238) : see reference to function template instantiation 'CUtlVector<vgui::MessageMapItem_t,CUtlMemory<T,int>>::CUtlVector(int,int)' being compiled
          with
          [
              T=vgui::MessageMapItem_t
          ]
          c:\users\hp\documents\hl2sb-src\src\public\vgui_controls\messagemap.h(245) : see reference to class template instantiation 'CUtlVector<vgui::MessageMapItem_t,CUtlMemory<T,int>>' being compiled
          with
          [
              T=vgui::MessageMapItem_t
          ]
c:\users\hp\documents\hl2sb-src\src\public\tier1\utlmemory.h(422): error C2228: left of '.name' must have class/struct/union (ScalableImagePanel.cpp)
c:\users\hp\documents\hl2sb-src\src\public\tier1\utlmemory.h(422): error C2664: 'CMemAllocAttributeAlloction::CMemAllocAttributeAlloction(const CMemAllocAttributeAlloction &)' : cannot convert argument 1 from 'int' to 'const CMemAllocAttributeAlloction &' (ScalableImagePanel.cpp)
          Reason: cannot convert from 'int' to 'const CMemAllocAttributeAlloction'
          No constructor could take the source type, or constructor overload resolution was ambiguous
          c:\users\hp\documents\hl2sb-src\src\vgui2\vgui_controls\predefined c++ types (compiler internal)(127) : see declaration of 'type_info'
          c:\users\hp\documents\hl2sb-src\src\vgui2\vgui_controls\predefined c++ types (compiler internal)(127) : see declaration of 'type_info'
          c:\users\hp\documents\hl2sb-src\src\vgui2\vgui_controls\predefined c++ types (compiler internal)(127) : see declaration of 'type_info'
          c:\users\hp\documents\hl2sb-src\src\vgui2\vgui_controls\predefined c++ types (compiler internal)(127) : see declaration of 'type_info'
  subrectimage.cpp
c:\users\hp\documents\hl2sb-src\src\public\tier1\utlmemory.h(422): error C2027: use of undefined type 'type_info' (ScrollableEditablePanel.cpp)
          c:\users\hp\documents\hl2sb-src\src\vgui2\vgui_controls\predefined c++ types (compiler internal)(127) : see declaration of 'type_info'
          c:\users\hp\documents\hl2sb-src\src\public\tier1\utlmemory.h(414) : while compiling class template member function 'CUtlMemory<T,int>::CUtlMemory(int,int)'
          with
          [
              T=vgui::MessageMapItem_t
          ]
          c:\users\hp\documents\hl2sb-src\src\public\tier1\utlvector.h(555) : see reference to function template instantiation 'CUtlMemory<T,int>::CUtlMemory(int,int)' being compiled
          with
          [
              T=vgui::MessageMapItem_t
          ]
          c:\users\hp\documents\hl2sb-src\src\public\tier1\utlvector.h(553) : while compiling class template member function 'CUtlVector<vgui::MessageMapItem_t,CUtlMemory<T,int>>::CUtlVector(int,int)'
          with
          [
              T=vgui::MessageMapItem_t
          ]
          c:\users\hp\documents\hl2sb-src\src\public\vgui_controls\messagemap.h(238) : see reference to function template instantiation 'CUtlVector<vgui::MessageMapItem_t,CUtlMemory<T,int>>::CUtlVector(int,int)' being compiled
          with
          [
              T=vgui::MessageMapItem_t
          ]
          c:\users\hp\documents\hl2sb-src\src\public\vgui_controls\messagemap.h(245) : see reference to class template instantiation 'CUtlVector<vgui::MessageMapItem_t,CUtlMemory<T,int>>' being compiled
          with
          [
              T=vgui::MessageMapItem_t
          ]
c:\users\hp\documents\hl2sb-src\src\public\tier1\utlmemory.h(422): error C2228: left of '.name' must have class/struct/union (ScrollableEditablePanel.cpp)
c:\users\hp\documents\hl2sb-src\src\public\tier1\utlmemory.h(422): error C2664: 'CMemAllocAttributeAlloction::CMemAllocAttributeAlloction(const CMemAllocAttributeAlloction &)' : cannot convert argument 1 from 'int' to 'const CMemAllocAttributeAlloction &' (ScrollableEditablePanel.cpp)
          Reason: cannot convert from 'int' to 'const CMemAllocAttributeAlloction'
          No constructor could take the source type, or constructor overload resolution was ambiguous
          c:\users\hp\documents\hl2sb-src\src\vgui2\vgui_controls\predefined c++ types (compiler internal)(127) : see declaration of 'type_info'
          c:\users\hp\documents\hl2sb-src\src\vgui2\vgui_controls\predefined c++ types (compiler internal)(127) : see declaration of 'type_info'
          c:\users\hp\documents\hl2sb-src\src\vgui2\vgui_controls\predefined c++ types (compiler internal)(127) : see declaration of 'type_info'
          c:\users\hp\documents\hl2sb-src\src\vgui2\vgui_controls\predefined c++ types (compiler internal)(127) : see declaration of 'type_info'
  TextEntry.cpp
c:\users\hp\documents\hl2sb-src\src\public\tier1\utlmemory.h(422): error C2027: use of undefined type 'type_info' (ScrollBarSlider.cpp)
          c:\users\hp\documents\hl2sb-src\src\vgui2\vgui_controls\predefined c++ types (compiler internal)(127) : see declaration of 'type_info'
          c:\users\hp\documents\hl2sb-src\src\public\tier1\utlmemory.h(414) : while compiling class template member function 'CUtlMemory<T,int>::CUtlMemory(int,int)'
          with
          [
              T=vgui::MessageMapItem_t
          ]
          c:\users\hp\documents\hl2sb-src\src\public\tier1\utlvector.h(555) : see reference to function template instantiation 'CUtlMemory<T,int>::CUtlMemory(int,int)' being compiled
          with
          [
              T=vgui::MessageMapItem_t
          ]
          c:\users\hp\documents\hl2sb-src\src\public\tier1\utlvector.h(553) : while compiling class template member function 'CUtlVector<vgui::MessageMapItem_t,CUtlMemory<T,int>>::CUtlVector(int,int)'
          with
          [
              T=vgui::MessageMapItem_t
          ]
          c:\users\hp\documents\hl2sb-src\src\public\vgui_controls\messagemap.h(238) : see reference to function template instantiation 'CUtlVector<vgui::MessageMapItem_t,CUtlMemory<T,int>>::CUtlVector(int,int)' being compiled
          with
          [
              T=vgui::MessageMapItem_t
          ]
          c:\users\hp\documents\hl2sb-src\src\public\vgui_controls\messagemap.h(245) : see reference to class template instantiation 'CUtlVector<vgui::MessageMapItem_t,CUtlMemory<T,int>>' being compiled
          with
          [
              T=vgui::MessageMapItem_t
          ]
c:\users\hp\documents\hl2sb-src\src\public\tier1\utlmemory.h(422): error C2228: left of '.name' must have class/struct/union (ScrollBarSlider.cpp)
c:\users\hp\documents\hl2sb-src\src\public\tier1\utlmemory.h(422): error C2664: 'CMemAllocAttributeAlloction::CMemAllocAttributeAlloction(const CMemAllocAttributeAlloction &)' : cannot convert argument 1 from 'int' to 'const CMemAllocAttributeAlloction &' (ScrollBarSlider.cpp)
          Reason: cannot convert from 'int' to 'const CMemAllocAttributeAlloction'
          No constructor could take the source type, or constructor overload resolution was ambiguous
          c:\users\hp\documents\hl2sb-src\src\vgui2\vgui_controls\predefined c++ types (compiler internal)(127) : see declaration of 'type_info'
          c:\users\hp\documents\hl2sb-src\src\vgui2\vgui_controls\predefined c++ types (compiler internal)(127) : see declaration of 'type_info'
          c:\users\hp\documents\hl2sb-src\src\vgui2\vgui_controls\predefined c++ types (compiler internal)(127) : see declaration of 'type_info'
          c:\users\hp\documents\hl2sb-src\src\vgui2\vgui_controls\predefined c++ types (compiler internal)(127) : see declaration of 'type_info'
  TextImage.cpp
c:\users\hp\documents\hl2sb-src\src\public\tier1\utlmemory.h(422): error C2027: use of undefined type 'type_info' (ScrollBar.cpp)
          c:\users\hp\documents\hl2sb-src\src\vgui2\vgui_controls\predefined c++ types (compiler internal)(127) : see declaration of 'type_info'
          c:\users\hp\documents\hl2sb-src\src\public\tier1\utlmemory.h(414) : while compiling class template member function 'CUtlMemory<T,int>::CUtlMemory(int,int)'
          with
          [
              T=vgui::MessageMapItem_t
          ]
          c:\users\hp\documents\hl2sb-src\src\public\tier1\utlvector.h(555) : see reference to function template instantiation 'CUtlMemory<T,int>::CUtlMemory(int,int)' being compiled
          with
          [
              T=vgui::MessageMapItem_t
          ]
          c:\users\hp\documents\hl2sb-src\src\public\tier1\utlvector.h(553) : while compiling class template member function 'CUtlVector<vgui::MessageMapItem_t,CUtlMemory<T,int>>::CUtlVector(int,int)'
          with
          [
              T=vgui::MessageMapItem_t
          ]
          c:\users\hp\documents\hl2sb-src\src\public\vgui_controls\messagemap.h(238) : see reference to function template instantiation 'CUtlVector<vgui::MessageMapItem_t,CUtlMemory<T,int>>::CUtlVector(int,int)' being compiled
          with
          [
              T=vgui::MessageMapItem_t
          ]
          c:\users\hp\documents\hl2sb-src\src\public\vgui_controls\messagemap.h(245) : see reference to class template instantiation 'CUtlVector<vgui::MessageMapItem_t,CUtlMemory<T,int>>' being compiled
          with
          [
              T=vgui::MessageMapItem_t
          ]
c:\users\hp\documents\hl2sb-src\src\public\tier1\utlmemory.h(422): error C2228: left of '.name' must have class/struct/union (ScrollBar.cpp)
c:\users\hp\documents\hl2sb-src\src\public\tier1\utlmemory.h(422): error C2664: 'CMemAllocAttributeAlloction::CMemAllocAttributeAlloction(const CMemAllocAttributeAlloction &)' : cannot convert argument 1 from 'int' to 'const CMemAllocAttributeAlloction &' (ScrollBar.cpp)
          Reason: cannot convert from 'int' to 'const CMemAllocAttributeAlloction'
          No constructor could take the source type, or constructor overload resolution was ambiguous
          c:\users\hp\documents\hl2sb-src\src\vgui2\vgui_controls\predefined c++ types (compiler internal)(127) : see declaration of 'type_info'
          c:\users\hp\documents\hl2sb-src\src\vgui2\vgui_controls\predefined c++ types (compiler internal)(127) : see declaration of 'type_info'
          c:\users\hp\documents\hl2sb-src\src\vgui2\vgui_controls\predefined c++ types (compiler internal)(127) : see declaration of 'type_info'
          c:\users\hp\documents\hl2sb-src\src\vgui2\vgui_controls\predefined c++ types (compiler internal)(127) : see declaration of 'type_info'
  ToggleButton.cpp
c:\users\hp\documents\hl2sb-src\src\public\tier1\utlvector.h(714): error C2027: use of undefined type 'type_info' (subrectimage.cpp)
          c:\users\hp\documents\hl2sb-src\src\vgui2\vgui_controls\predefined c++ types (compiler internal)(127) : see declaration of 'type_info'
          c:\users\hp\documents\hl2sb-src\src\public\tier1\utlvector.h(711) : while compiling class template member function 'void CUtlVector<char *,CUtlMemory<char *,int>>::GrowVector(int)'
          c:\users\hp\documents\hl2sb-src\src\public\tier1\utlvector.h(879) : see reference to function template instantiation 'void CUtlVector<char *,CUtlMemory<char *,int>>::GrowVector(int)' being compiled
          c:\users\hp\documents\hl2sb-src\src\public\tier1\utlvector.h(681) : while compiling class template member function 'int CUtlVector<char *,CUtlMemory<char *,int>>::Count(void) const'
          c:\users\hp\documents\hl2sb-src\src\public\tier1\utlvector.h(858) : see reference to function template instantiation 'int CUtlVector<char *,CUtlMemory<char *,int>>::Count(void) const' being compiled
          c:\users\hp\documents\hl2sb-src\src\public\tier1\utlvector.h(568) : while compiling class template member function 'CUtlVector<char *,CUtlMemory<char *,int>>::~CUtlVector(void)'
          c:\users\hp\documents\hl2sb-src\src\public\tier1\utlvector.h(1179) : see reference to function template instantiation 'CUtlVector<char *,CUtlMemory<char *,int>>::~CUtlVector(void)' being compiled
          c:\users\hp\documents\hl2sb-src\src\public\tier1\utlvector.h(1176) : see reference to class template instantiation 'CUtlVector<char *,CUtlMemory<char *,int>>' being compiled
          c:\users\hp\documents\hl2sb-src\src\public\tier1\utlvector.h(1188) : see reference to class template instantiation 'CUtlVectorAutoPurge<char *>' being compiled
c:\users\hp\documents\hl2sb-src\src\public\tier1\utlvector.h(714): error C2228: left of '.name' must have class/struct/union (subrectimage.cpp)
c:\users\hp\documents\hl2sb-src\src\public\tier1\utlvector.h(714): error C2664: 'CMemAllocAttributeAlloction::CMemAllocAttributeAlloction(const CMemAllocAttributeAlloction &)' : cannot convert argument 1 from 'int' to 'const CMemAllocAttributeAlloction &' (subrectimage.cpp)
          Reason: cannot convert from 'int' to 'const CMemAllocAttributeAlloction'
          No constructor could take the source type, or constructor overload resolution was ambiguous
  Tooltip.cpp
c:\users\hp\documents\hl2sb-src\src\public\tier1\utlvector.h(764): error C2027: use of undefined type 'type_info' (RichText.cpp)
          c:\users\hp\documents\hl2sb-src\src\vgui2\vgui_controls\predefined c++ types (compiler internal)(127) : see declaration of 'type_info'
          c:\users\hp\documents\hl2sb-src\src\public\tier1\utlvector.h(763) : while compiling class template member function 'void CUtlVector<wchar_t,CUtlMemory<T,int>>::EnsureCapacity(int)'
          with
          [
              T=wchar_t
          ]
          c:\users\hp\documents\hl2sb-src\src\vgui2\vgui_controls\richtext.cpp(449) : see reference to function template instantiation 'void CUtlVector<wchar_t,CUtlMemory<T,int>>::EnsureCapacity(int)' being compiled
          with
          [
              T=wchar_t
          ]
          c:\users\hp\documents\hl2sb-src\src\public\vgui_controls\textentry.h(320) : see reference to class template instantiation 'CUtlVector<wchar_t,CUtlMemory<T,int>>' being compiled
          with
          [
              T=wchar_t
          ]
c:\users\hp\documents\hl2sb-src\src\public\tier1\utlvector.h(764): error C2228: left of '.name' must have class/struct/union (RichText.cpp)
c:\users\hp\documents\hl2sb-src\src\public\tier1\utlvector.h(764): error C2664: 'CMemAllocAttributeAlloction::CMemAllocAttributeAlloction(const CMemAllocAttributeAlloction &)' : cannot convert argument 1 from 'int' to 'const CMemAllocAttributeAlloction &' (RichText.cpp)
          Reason: cannot convert from 'int' to 'const CMemAllocAttributeAlloction'
          No constructor could take the source type, or constructor overload resolution was ambiguous
c:\users\hp\documents\hl2sb-src\src\public\tier1\utlmemory.h(422): error C2027: use of undefined type 'type_info' (Splitter.cpp)
          c:\users\hp\documents\hl2sb-src\src\vgui2\vgui_controls\predefined c++ types (compiler internal)(127) : see declaration of 'type_info'
          c:\users\hp\documents\hl2sb-src\src\public\tier1\utlmemory.h(414) : while compiling class template member function 'CUtlMemory<T,int>::CUtlMemory(int,int)'
          with
          [
              T=vgui::MessageMapItem_t
          ]
          c:\users\hp\documents\hl2sb-src\src\public\tier1\utlvector.h(555) : see reference to function template instantiation 'CUtlMemory<T,int>::CUtlMemory(int,int)' being compiled
          with
          [
              T=vgui::MessageMapItem_t
          ]
          c:\users\hp\documents\hl2sb-src\src\public\tier1\utlvector.h(553) : while compiling class template member function 'CUtlVector<vgui::MessageMapItem_t,CUtlMemory<T,int>>::CUtlVector(int,int)'
          with
          [
              T=vgui::MessageMapItem_t
          ]
          c:\users\hp\documents\hl2sb-src\src\public\vgui_controls\messagemap.h(238) : see reference to function template instantiation 'CUtlVector<vgui::MessageMapItem_t,CUtlMemory<T,int>>::CUtlVector(int,int)' being compiled
          with
          [
              T=vgui::MessageMapItem_t
          ]
          c:\users\hp\documents\hl2sb-src\src\public\vgui_controls\messagemap.h(245) : see reference to class template instantiation 'CUtlVector<vgui::MessageMapItem_t,CUtlMemory<T,int>>' being compiled
          with
          [
              T=vgui::MessageMapItem_t
          ]
c:\users\hp\documents\hl2sb-src\src\public\tier1\utlmemory.h(422): error C2228: left of '.name' must have class/struct/union (Splitter.cpp)
c:\users\hp\documents\hl2sb-src\src\public\tier1\utlmemory.h(422): error C2664: 'CMemAllocAttributeAlloction::CMemAllocAttributeAlloction(const CMemAllocAttributeAlloction &)' : cannot convert argument 1 from 'int' to 'const CMemAllocAttributeAlloction &' (Splitter.cpp)
          Reason: cannot convert from 'int' to 'const CMemAllocAttributeAlloction'
          No constructor could take the source type, or constructor overload resolution was ambiguous
          c:\users\hp\documents\hl2sb-src\src\vgui2\vgui_controls\predefined c++ types (compiler internal)(127) : see declaration of 'type_info'
          c:\users\hp\documents\hl2sb-src\src\vgui2\vgui_controls\predefined c++ types (compiler internal)(127) : see declaration of 'type_info'
          c:\users\hp\documents\hl2sb-src\src\vgui2\vgui_controls\predefined c++ types (compiler internal)(127) : see declaration of 'type_info'
          c:\users\hp\documents\hl2sb-src\src\vgui2\vgui_controls\predefined c++ types (compiler internal)(127) : see declaration of 'type_info'
  ToolWindow.cpp
          c:\users\hp\documents\hl2sb-src\src\vgui2\vgui_controls\predefined c++ types (compiler internal)(127) : see declaration of 'type_info'
  TreeView.cpp
c:\users\hp\documents\hl2sb-src\src\public\tier1\utlmemory.h(422): error C2027: use of undefined type 'type_info' (Slider.cpp)
          c:\users\hp\documents\hl2sb-src\src\vgui2\vgui_controls\predefined c++ types (compiler internal)(127) : see declaration of 'type_info'
          c:\users\hp\documents\hl2sb-src\src\public\tier1\utlmemory.h(414) : while compiling class template member function 'CUtlMemory<T,int>::CUtlMemory(int,int)'
          with
          [
              T=vgui::MessageMapItem_t
          ]
          c:\users\hp\documents\hl2sb-src\src\public\tier1\utlvector.h(555) : see reference to function template instantiation 'CUtlMemory<T,int>::CUtlMemory(int,int)' being compiled
          with
          [
              T=vgui::MessageMapItem_t
          ]
          c:\users\hp\documents\hl2sb-src\src\public\tier1\utlvector.h(553) : while compiling class template member function 'CUtlVector<vgui::MessageMapItem_t,CUtlMemory<T,int>>::CUtlVector(int,int)'
          with
          [
              T=vgui::MessageMapItem_t
          ]
          c:\users\hp\documents\hl2sb-src\src\public\vgui_controls\messagemap.h(238) : see reference to function template instantiation 'CUtlVector<vgui::MessageMapItem_t,CUtlMemory<T,int>>::CUtlVector(int,int)' being compiled
          with
          [
              T=vgui::MessageMapItem_t
          ]
          c:\users\hp\documents\hl2sb-src\src\public\vgui_controls\messagemap.h(245) : see reference to class template instantiation 'CUtlVector<vgui::MessageMapItem_t,CUtlMemory<T,int>>' being compiled
          with
          [
              T=vgui::MessageMapItem_t
          ]
c:\users\hp\documents\hl2sb-src\src\public\tier1\utlmemory.h(422): error C2228: left of '.name' must have class/struct/union (Slider.cpp)
c:\users\hp\documents\hl2sb-src\src\public\tier1\utlmemory.h(422): error C2664: 'CMemAllocAttributeAlloction::CMemAllocAttributeAlloction(const CMemAllocAttributeAlloction &)' : cannot convert argument 1 from 'int' to 'const CMemAllocAttributeAlloction &' (Slider.cpp)
          Reason: cannot convert from 'int' to 'const CMemAllocAttributeAlloction'
          No constructor could take the source type, or constructor overload resolution was ambiguous
          c:\users\hp\documents\hl2sb-src\src\vgui2\vgui_controls\predefined c++ types (compiler internal)(127) : see declaration of 'type_info'
          c:\users\hp\documents\hl2sb-src\src\vgui2\vgui_controls\predefined c++ types (compiler internal)(127) : see declaration of 'type_info'
          c:\users\hp\documents\hl2sb-src\src\vgui2\vgui_controls\predefined c++ types (compiler internal)(127) : see declaration of 'type_info'
          c:\users\hp\documents\hl2sb-src\src\vgui2\vgui_controls\predefined c++ types (compiler internal)(127) : see declaration of 'type_info'
  TreeViewListControl.cpp
c:\users\hp\documents\hl2sb-src\src\public\tier1\utlmemory.h(422): error C2027: use of undefined type 'type_info' (SectionedListPanel.cpp)
          c:\users\hp\documents\hl2sb-src\src\vgui2\vgui_controls\predefined c++ types (compiler internal)(127) : see declaration of 'type_info'
          c:\users\hp\documents\hl2sb-src\src\public\tier1\utlmemory.h(414) : while compiling class template member function 'CUtlMemory<T,int>::CUtlMemory(int,int)'
          with
          [
              T=vgui::MessageMapItem_t
          ]
          c:\users\hp\documents\hl2sb-src\src\public\tier1\utlvector.h(555) : see reference to function template instantiation 'CUtlMemory<T,int>::CUtlMemory(int,int)' being compiled
          with
          [
              T=vgui::MessageMapItem_t
          ]
          c:\users\hp\documents\hl2sb-src\src\public\tier1\utlvector.h(553) : while compiling class template member function 'CUtlVector<vgui::MessageMapItem_t,CUtlMemory<T,int>>::CUtlVector(int,int)'
          with
          [
              T=vgui::MessageMapItem_t
          ]
          c:\users\hp\documents\hl2sb-src\src\public\vgui_controls\messagemap.h(238) : see reference to function template instantiation 'CUtlVector<vgui::MessageMapItem_t,CUtlMemory<T,int>>::CUtlVector(int,int)' being compiled
          with
          [
              T=vgui::MessageMapItem_t
          ]
          c:\users\hp\documents\hl2sb-src\src\public\vgui_controls\messagemap.h(245) : see reference to class template instantiation 'CUtlVector<vgui::MessageMapItem_t,CUtlMemory<T,int>>' being compiled
          with
          [
              T=vgui::MessageMapItem_t
          ]
c:\users\hp\documents\hl2sb-src\src\public\tier1\utlmemory.h(422): error C2228: left of '.name' must have class/struct/union (SectionedListPanel.cpp)
c:\users\hp\documents\hl2sb-src\src\public\tier1\utlmemory.h(422): error C2664: 'CMemAllocAttributeAlloction::CMemAllocAttributeAlloction(const CMemAllocAttributeAlloction &)' : cannot convert argument 1 from 'int' to 'const CMemAllocAttributeAlloction &' (SectionedListPanel.cpp)
          Reason: cannot convert from 'int' to 'const CMemAllocAttributeAlloction'
          No constructor could take the source type, or constructor overload resolution was ambiguous
          c:\users\hp\documents\hl2sb-src\src\vgui2\vgui_controls\predefined c++ types (compiler internal)(127) : see declaration of 'type_info'
          c:\users\hp\documents\hl2sb-src\src\vgui2\vgui_controls\predefined c++ types (compiler internal)(127) : see declaration of 'type_info'
          c:\users\hp\documents\hl2sb-src\src\vgui2\vgui_controls\predefined c++ types (compiler internal)(127) : see declaration of 'type_info'
          c:\users\hp\documents\hl2sb-src\src\vgui2\vgui_controls\predefined c++ types (compiler internal)(127) : see declaration of 'type_info'
          c:\users\hp\documents\hl2sb-src\src\vgui2\vgui_controls\predefined c++ types (compiler internal)(127) : see declaration of 'type_info'
          c:\users\hp\documents\hl2sb-src\src\vgui2\vgui_controls\predefined c++ types (compiler internal)(127) : see declaration of 'type_info'
c:\users\hp\documents\hl2sb-src\src\public\tier1\utlvector.h(714): error C2027: use of undefined type 'type_info' (SectionedListPanel.cpp)
          c:\users\hp\documents\hl2sb-src\src\vgui2\vgui_controls\predefined c++ types (compiler internal)(127) : see declaration of 'type_info'
          c:\users\hp\documents\hl2sb-src\src\public\tier1\utlvector.h(711) : while compiling class template member function 'void CUtlVector<vgui::CItemButton *,CUtlMemory<T,int>>::GrowVector(int)'
          with
          [
              T=vgui::CItemButton *
          ]
          c:\users\hp\documents\hl2sb-src\src\public\tier1\utlvector.h(879) : see reference to function template instantiation 'void CUtlVector<vgui::CItemButton *,CUtlMemory<T,int>>::GrowVector(int)' being compiled
          with
          [
              T=vgui::CItemButton *
          ]
          c:\users\hp\documents\hl2sb-src\src\public\tier1\utlvector.h(553) : while compiling class template member function 'CUtlVector<vgui::CItemButton *,CUtlMemory<T,int>>::CUtlVector(int,int)'
          with
          [
              T=vgui::CItemButton *
          ]
          c:\users\hp\documents\hl2sb-src\src\vgui2\vgui_controls\sectionedlistpanel.cpp(762) : see reference to function template instantiation 'CUtlVector<vgui::CItemButton *,CUtlMemory<T,int>>::CUtlVector(int,int)' being compiled
          with
          [
              T=vgui::CItemButton *
          ]
          c:\users\hp\documents\hl2sb-src\src\public\vgui_controls\sectionedlistpanel.h(260) : see reference to class template instantiation 'CUtlVector<vgui::CItemButton *,CUtlMemory<T,int>>' being compiled
          with
          [
              T=vgui::CItemButton *
          ]
c:\users\hp\documents\hl2sb-src\src\public\tier1\utlvector.h(714): error C2228: left of '.name' must have class/struct/union (SectionedListPanel.cpp)
c:\users\hp\documents\hl2sb-src\src\public\tier1\utlvector.h(714): error C2664: 'CMemAllocAttributeAlloction::CMemAllocAttributeAlloction(const CMemAllocAttributeAlloction &)' : cannot convert argument 1 from 'int' to 'const CMemAllocAttributeAlloction &' (SectionedListPanel.cpp)
          Reason: cannot convert from 'int' to 'const CMemAllocAttributeAlloction'
          No constructor could take the source type, or constructor overload resolution was ambiguous
          c:\users\hp\documents\hl2sb-src\src\vgui2\vgui_controls\predefined c++ types (compiler internal)(127) : see declaration of 'type_info'
          c:\users\hp\documents\hl2sb-src\src\vgui2\vgui_controls\predefined c++ types (compiler internal)(127) : see declaration of 'type_info'
  URLLabel.cpp
c:\users\hp\documents\hl2sb-src\src\public\tier1\utlmemory.h(422): error C2027: use of undefined type 'type_info' (TextImage.cpp)
          c:\users\hp\documents\hl2sb-src\src\vgui2\vgui_controls\predefined c++ types (compiler internal)(127) : see declaration of 'type_info'
          c:\users\hp\documents\hl2sb-src\src\public\tier1\utlmemory.h(414) : while compiling class template member function 'CUtlMemory<T,int>::CUtlMemory(int,int)'
          with
          [
              T=wchar_t *
          ]
          c:\users\hp\documents\hl2sb-src\src\public\tier1\utlvector.h(555) : see reference to function template instantiation 'CUtlMemory<T,int>::CUtlMemory(int,int)' being compiled
          with
          [
              T=wchar_t *
          ]
          c:\users\hp\documents\hl2sb-src\src\public\tier1\utlvector.h(553) : while compiling class template member function 'CUtlVector<wchar_t *,CUtlMemory<T,int>>::CUtlVector(int,int)'
          with
          [
              T=wchar_t *
          ]
          c:\users\hp\documents\hl2sb-src\src\vgui2\vgui_controls\textimage.cpp(37) : see reference to function template instantiation 'CUtlVector<wchar_t *,CUtlMemory<T,int>>::CUtlVector(int,int)' being compiled
          with
          [
              T=wchar_t *
          ]
          c:\users\hp\documents\hl2sb-src\src\public\vgui_controls\textimage.h(133) : see reference to class template instantiation 'CUtlVector<wchar_t *,CUtlMemory<T,int>>' being compiled
          with
          [
              T=wchar_t *
          ]
c:\users\hp\documents\hl2sb-src\src\public\tier1\utlmemory.h(422): error C2228: left of '.name' must have class/struct/union (TextImage.cpp)
c:\users\hp\documents\hl2sb-src\src\public\tier1\utlmemory.h(422): error C2664: 'CMemAllocAttributeAlloction::CMemAllocAttributeAlloction(const CMemAllocAttributeAlloction &)' : cannot convert argument 1 from 'int' to 'const CMemAllocAttributeAlloction &' (TextImage.cpp)
          Reason: cannot convert from 'int' to 'const CMemAllocAttributeAlloction'
          No constructor could take the source type, or constructor overload resolution was ambiguous
          c:\users\hp\documents\hl2sb-src\src\vgui2\vgui_controls\predefined c++ types (compiler internal)(127) : see declaration of 'type_info'
c:\users\hp\documents\hl2sb-src\src\public\tier1\utlvector.h(714): error C2027: use of undefined type 'type_info' (TextImage.cpp)
          c:\users\hp\documents\hl2sb-src\src\vgui2\vgui_controls\predefined c++ types (compiler internal)(127) : see declaration of 'type_info'
          c:\users\hp\documents\hl2sb-src\src\public\tier1\utlvector.h(711) : while compiling class template member function 'void CUtlVector<T,CUtlMemory<T,int>>::GrowVector(int)'
          with
          [
              T=vgui::label_colorchange_t
          ]
          c:\users\hp\documents\hl2sb-src\src\public\tier1\utlsortvector.h(181) : see reference to function template instantiation 'void CUtlVector<T,CUtlMemory<T,int>>::GrowVector(int)' being compiled
          with
          [
              T=vgui::label_colorchange_t
          ]
          c:\users\hp\documents\hl2sb-src\src\public\tier1\utlvector.h(568) : while compiling class template member function 'CUtlVector<T,CUtlMemory<T,int>>::~CUtlVector(void)'
          with
          [
              T=vgui::label_colorchange_t
          ]
          c:\users\hp\documents\hl2sb-src\src\vgui2\vgui_controls\textimage.cpp(56) : see reference to function template instantiation 'CUtlVector<T,CUtlMemory<T,int>>::~CUtlVector(void)' being compiled
          with
          [
              T=vgui::label_colorchange_t
          ]
          c:\users\hp\documents\hl2sb-src\src\public\tier1\utlsortvector.h(47) : see reference to class template instantiation 'CUtlVector<T,CUtlMemory<T,int>>' being compiled
          with
          [
              T=vgui::label_colorchange_t
          ]
          c:\users\hp\documents\hl2sb-src\src\public\vgui_controls\textimage.h(138) : see reference to class template instantiation 'CUtlSortVector<vgui::label_colorchange_t,vgui::CColorChangeListLess,CUtlVector<T,CUtlMemory<T,int>>>' being compiled
          with
          [
              T=vgui::label_colorchange_t
          ]
c:\users\hp\documents\hl2sb-src\src\public\tier1\utlvector.h(714): error C2228: left of '.name' must have class/struct/union (TextImage.cpp)
c:\users\hp\documents\hl2sb-src\src\public\tier1\utlvector.h(714): error C2664: 'CMemAllocAttributeAlloction::CMemAllocAttributeAlloction(const CMemAllocAttributeAlloction &)' : cannot convert argument 1 from 'int' to 'const CMemAllocAttributeAlloction &' (TextImage.cpp)
          Reason: cannot convert from 'int' to 'const CMemAllocAttributeAlloction'
          No constructor could take the source type, or constructor overload resolution was ambiguous
  vgui_key_translation.cpp
c:\users\hp\documents\hl2sb-src\src\public\tier1\utlvector.h(764): error C2027: use of undefined type 'type_info' (TextEntry.cpp)
          c:\users\hp\documents\hl2sb-src\src\vgui2\vgui_controls\predefined c++ types (compiler internal)(127) : see declaration of 'type_info'
          c:\users\hp\documents\hl2sb-src\src\public\tier1\utlvector.h(763) : while compiling class template member function 'void CUtlVector<wchar_t,CUtlMemory<T,int>>::EnsureCapacity(int)'
          with
          [
              T=wchar_t
          ]
          c:\users\hp\documents\hl2sb-src\src\vgui2\vgui_controls\textentry.cpp(293) : see reference to function template instantiation 'void CUtlVector<wchar_t,CUtlMemory<T,int>>::EnsureCapacity(int)' being compiled
          with
          [
              T=wchar_t
          ]
          c:\users\hp\documents\hl2sb-src\src\public\vgui_controls\textentry.h(320) : see reference to class template instantiation 'CUtlVector<wchar_t,CUtlMemory<T,int>>' being compiled
          with
          [
              T=wchar_t
          ]
c:\users\hp\documents\hl2sb-src\src\public\tier1\utlvector.h(764): error C2228: left of '.name' must have class/struct/union (TextEntry.cpp)
c:\users\hp\documents\hl2sb-src\src\public\tier1\utlvector.h(764): error C2664: 'CMemAllocAttributeAlloction::CMemAllocAttributeAlloction(const CMemAllocAttributeAlloction &)' : cannot convert argument 1 from 'int' to 'const CMemAllocAttributeAlloction &' (TextEntry.cpp)
          Reason: cannot convert from 'int' to 'const CMemAllocAttributeAlloction'
          No constructor could take the source type, or constructor overload resolution was ambiguous
  WizardPanel.cpp
c:\users\hp\documents\hl2sb-src\src\public\tier1\utlmemory.h(422): error C2027: use of undefined type 'type_info' (ToggleButton.cpp)
          c:\users\hp\documents\hl2sb-src\src\vgui2\vgui_controls\predefined c++ types (compiler internal)(127) : see declaration of 'type_info'
          c:\users\hp\documents\hl2sb-src\src\public\tier1\utlmemory.h(414) : while compiling class template member function 'CUtlMemory<T,int>::CUtlMemory(int,int)'
          with
          [
              T=vgui::MessageMapItem_t
          ]
          c:\users\hp\documents\hl2sb-src\src\public\tier1\utlvector.h(555) : see reference to function template instantiation 'CUtlMemory<T,int>::CUtlMemory(int,int)' being compiled
          with
          [
              T=vgui::MessageMapItem_t
          ]
          c:\users\hp\documents\hl2sb-src\src\public\tier1\utlvector.h(553) : while compiling class template member function 'CUtlVector<vgui::MessageMapItem_t,CUtlMemory<T,int>>::CUtlVector(int,int)'
          with
          [
              T=vgui::MessageMapItem_t
          ]
          c:\users\hp\documents\hl2sb-src\src\public\vgui_controls\messagemap.h(238) : see reference to function template instantiation 'CUtlVector<vgui::MessageMapItem_t,CUtlMemory<T,int>>::CUtlVector(int,int)' being compiled
          with
          [
              T=vgui::MessageMapItem_t
          ]
          c:\users\hp\documents\hl2sb-src\src\public\vgui_controls\messagemap.h(245) : see reference to class template instantiation 'CUtlVector<vgui::MessageMapItem_t,CUtlMemory<T,int>>' being compiled
          with
          [
              T=vgui::MessageMapItem_t
          ]
c:\users\hp\documents\hl2sb-src\src\public\tier1\utlmemory.h(422): error C2228: left of '.name' must have class/struct/union (ToggleButton.cpp)
c:\users\hp\documents\hl2sb-src\src\public\tier1\utlmemory.h(422): error C2664: 'CMemAllocAttributeAlloction::CMemAllocAttributeAlloction(const CMemAllocAttributeAlloction &)' : cannot convert argument 1 from 'int' to 'const CMemAllocAttributeAlloction &' (ToggleButton.cpp)
          Reason: cannot convert from 'int' to 'const CMemAllocAttributeAlloction'
          No constructor could take the source type, or constructor overload resolution was ambiguous
          c:\users\hp\documents\hl2sb-src\src\vgui2\vgui_controls\predefined c++ types (compiler internal)(127) : see declaration of 'type_info'
          c:\users\hp\documents\hl2sb-src\src\vgui2\vgui_controls\predefined c++ types (compiler internal)(127) : see declaration of 'type_info'
          c:\users\hp\documents\hl2sb-src\src\vgui2\vgui_controls\predefined c++ types (compiler internal)(127) : see declaration of 'type_info'
          c:\users\hp\documents\hl2sb-src\src\vgui2\vgui_controls\predefined c++ types (compiler internal)(127) : see declaration of 'type_info'
  WizardSubPanel.cpp
c:\users\hp\documents\hl2sb-src\src\public\tier1\utlmemory.h(422): error C2027: use of undefined type 'type_info' (Tooltip.cpp)
          c:\users\hp\documents\hl2sb-src\src\vgui2\vgui_controls\predefined c++ types (compiler internal)(127) : see declaration of 'type_info'
          c:\users\hp\documents\hl2sb-src\src\public\tier1\utlmemory.h(414) : while compiling class template member function 'CUtlMemory<T,int>::CUtlMemory(int,int)'
          with
          [
              T=char
          ]
          c:\users\hp\documents\hl2sb-src\src\public\tier1\utlvector.h(555) : see reference to function template instantiation 'CUtlMemory<T,int>::CUtlMemory(int,int)' being compiled
          with
          [
              T=char
          ]
          c:\users\hp\documents\hl2sb-src\src\public\tier1\utlmemory.h(619) : while compiling class template member function 'char *CUtlMemory<T,int>::Base(void)'
          with
          [
              T=char
          ]
          c:\users\hp\documents\hl2sb-src\src\public\tier1\utlvector.h(75) : see reference to function template instantiation 'char *CUtlMemory<T,int>::Base(void)' being compiled
          with
          [
              T=char
          ]
          c:\users\hp\documents\hl2sb-src\src\public\tier1\utlvector.h(174) : see reference to class template instantiation 'CUtlMemory<T,int>' being compiled
          with
          [
              T=char
          ]
          c:\users\hp\documents\hl2sb-src\src\public\vgui_controls\tooltip.h(51) : see reference to class template instantiation 'CUtlVector<char,CUtlMemory<T,int>>' being compiled
          with
          [
              T=char
          ]
c:\users\hp\documents\hl2sb-src\src\public\tier1\utlmemory.h(422): error C2228: left of '.name' must have class/struct/union (Tooltip.cpp)
c:\users\hp\documents\hl2sb-src\src\public\tier1\utlmemory.h(422): error C2664: 'CMemAllocAttributeAlloction::CMemAllocAttributeAlloction(const CMemAllocAttributeAlloction &)' : cannot convert argument 1 from 'int' to 'const CMemAllocAttributeAlloction &' (Tooltip.cpp)
          Reason: cannot convert from 'int' to 'const CMemAllocAttributeAlloction'
          No constructor could take the source type, or constructor overload resolution was ambiguous
          c:\users\hp\documents\hl2sb-src\src\vgui2\vgui_controls\predefined c++ types (compiler internal)(127) : see declaration of 'type_info'
          c:\users\hp\documents\hl2sb-src\src\vgui2\vgui_controls\predefined c++ types (compiler internal)(127) : see declaration of 'type_info'
          c:\users\hp\documents\hl2sb-src\src\vgui2\vgui_controls\predefined c++ types (compiler internal)(127) : see declaration of 'type_info'
          c:\users\hp\documents\hl2sb-src\src\vgui2\vgui_controls\predefined c++ types (compiler internal)(127) : see declaration of 'type_info'
          c:\users\hp\documents\hl2sb-src\src\vgui2\vgui_controls\predefined c++ types (compiler internal)(127) : see declaration of 'type_info'
c:\users\hp\documents\hl2sb-src\src\public\tier1\utlmemory.h(422): error C2027: use of undefined type 'type_info' (ToolWindow.cpp)
          c:\users\hp\documents\hl2sb-src\src\vgui2\vgui_controls\predefined c++ types (compiler internal)(127) : see declaration of 'type_info'
          c:\users\hp\documents\hl2sb-src\src\public\tier1\utlmemory.h(414) : while compiling class template member function 'CUtlMemory<T,int>::CUtlMemory(int,int)'
          with
          [
              T=vgui::MessageMapItem_t
          ]
          c:\users\hp\documents\hl2sb-src\src\public\tier1\utlvector.h(555) : see reference to function template instantiation 'CUtlMemory<T,int>::CUtlMemory(int,int)' being compiled
          with
          [
              T=vgui::MessageMapItem_t
          ]
          c:\users\hp\documents\hl2sb-src\src\public\tier1\utlvector.h(553) : while compiling class template member function 'CUtlVector<vgui::MessageMapItem_t,CUtlMemory<T,int>>::CUtlVector(int,int)'
          with
          [
              T=vgui::MessageMapItem_t
          ]
          c:\users\hp\documents\hl2sb-src\src\public\vgui_controls\messagemap.h(238) : see reference to function template instantiation 'CUtlVector<vgui::MessageMapItem_t,CUtlMemory<T,int>>::CUtlVector(int,int)' being compiled
          with
          [
              T=vgui::MessageMapItem_t
          ]
          c:\users\hp\documents\hl2sb-src\src\public\vgui_controls\messagemap.h(245) : see reference to class template instantiation 'CUtlVector<vgui::MessageMapItem_t,CUtlMemory<T,int>>' being compiled
          with
          [
              T=vgui::MessageMapItem_t
          ]
c:\users\hp\documents\hl2sb-src\src\public\tier1\utlmemory.h(422): error C2228: left of '.name' must have class/struct/union (ToolWindow.cpp)
c:\users\hp\documents\hl2sb-src\src\public\tier1\utlmemory.h(422): error C2664: 'CMemAllocAttributeAlloction::CMemAllocAttributeAlloction(const CMemAllocAttributeAlloction &)' : cannot convert argument 1 from 'int' to 'const CMemAllocAttributeAlloction &' (ToolWindow.cpp)
          Reason: cannot convert from 'int' to 'const CMemAllocAttributeAlloction'
          No constructor could take the source type, or constructor overload resolution was ambiguous
          c:\users\hp\documents\hl2sb-src\src\vgui2\vgui_controls\predefined c++ types (compiler internal)(127) : see declaration of 'type_info'
          c:\users\hp\documents\hl2sb-src\src\vgui2\vgui_controls\predefined c++ types (compiler internal)(127) : see declaration of 'type_info'
          c:\users\hp\documents\hl2sb-src\src\vgui2\vgui_controls\predefined c++ types (compiler internal)(127) : see declaration of 'type_info'
          c:\users\hp\documents\hl2sb-src\src\vgui2\vgui_controls\predefined c++ types (compiler internal)(127) : see declaration of 'type_info'
          c:\users\hp\documents\hl2sb-src\src\vgui2\vgui_controls\predefined c++ types (compiler internal)(127) : see declaration of 'type_info'
c:\users\hp\documents\hl2sb-src\src\public\tier1\utlmemory.h(422): error C2027: use of undefined type 'type_info' (URLLabel.cpp)
          c:\users\hp\documents\hl2sb-src\src\vgui2\vgui_controls\predefined c++ types (compiler internal)(127) : see declaration of 'type_info'
          c:\users\hp\documents\hl2sb-src\src\public\tier1\utlmemory.h(414) : while compiling class template member function 'CUtlMemory<T,int>::CUtlMemory(int,int)'
          with
          [
              T=vgui::MessageMapItem_t
          ]
          c:\users\hp\documents\hl2sb-src\src\public\tier1\utlvector.h(555) : see reference to function template instantiation 'CUtlMemory<T,int>::CUtlMemory(int,int)' being compiled
          with
          [
              T=vgui::MessageMapItem_t
          ]
          c:\users\hp\documents\hl2sb-src\src\public\tier1\utlvector.h(553) : while compiling class template member function 'CUtlVector<vgui::MessageMapItem_t,CUtlMemory<T,int>>::CUtlVector(int,int)'
          with
          [
              T=vgui::MessageMapItem_t
          ]
          c:\users\hp\documents\hl2sb-src\src\public\vgui_controls\messagemap.h(238) : see reference to function template instantiation 'CUtlVector<vgui::MessageMapItem_t,CUtlMemory<T,int>>::CUtlVector(int,int)' being compiled
          with
          [
              T=vgui::MessageMapItem_t
          ]
          c:\users\hp\documents\hl2sb-src\src\public\vgui_controls\messagemap.h(245) : see reference to class template instantiation 'CUtlVector<vgui::MessageMapItem_t,CUtlMemory<T,int>>' being compiled
          with
          [
              T=vgui::MessageMapItem_t
          ]
c:\users\hp\documents\hl2sb-src\src\public\tier1\utlmemory.h(422): error C2228: left of '.name' must have class/struct/union (URLLabel.cpp)
c:\users\hp\documents\hl2sb-src\src\public\tier1\utlmemory.h(422): error C2664: 'CMemAllocAttributeAlloction::CMemAllocAttributeAlloction(const CMemAllocAttributeAlloction &)' : cannot convert argument 1 from 'int' to 'const CMemAllocAttributeAlloction &' (URLLabel.cpp)
          Reason: cannot convert from 'int' to 'const CMemAllocAttributeAlloction'
          No constructor could take the source type, or constructor overload resolution was ambiguous
          c:\users\hp\documents\hl2sb-src\src\vgui2\vgui_controls\predefined c++ types (compiler internal)(127) : see declaration of 'type_info'
          c:\users\hp\documents\hl2sb-src\src\vgui2\vgui_controls\predefined c++ types (compiler internal)(127) : see declaration of 'type_info'
          c:\users\hp\documents\hl2sb-src\src\vgui2\vgui_controls\predefined c++ types (compiler internal)(127) : see declaration of 'type_info'
          c:\users\hp\documents\hl2sb-src\src\vgui2\vgui_controls\predefined c++ types (compiler internal)(127) : see declaration of 'type_info'
c:\users\hp\documents\hl2sb-src\src\public\tier1\utlmemory.h(422): error C2027: use of undefined type 'type_info' (TreeViewListControl.cpp)
          c:\users\hp\documents\hl2sb-src\src\vgui2\vgui_controls\predefined c++ types (compiler internal)(127) : see declaration of 'type_info'
          c:\users\hp\documents\hl2sb-src\src\public\tier1\utlmemory.h(414) : while compiling class template member function 'CUtlMemory<T,int>::CUtlMemory(int,int)'
          with
          [
              T=vgui::MessageMapItem_t
          ]
          c:\users\hp\documents\hl2sb-src\src\public\tier1\utlvector.h(555) : see reference to function template instantiation 'CUtlMemory<T,int>::CUtlMemory(int,int)' being compiled
          with
          [
              T=vgui::MessageMapItem_t
          ]
          c:\users\hp\documents\hl2sb-src\src\public\tier1\utlvector.h(553) : while compiling class template member function 'CUtlVector<vgui::MessageMapItem_t,CUtlMemory<T,int>>::CUtlVector(int,int)'
          with
          [
              T=vgui::MessageMapItem_t
          ]
          c:\users\hp\documents\hl2sb-src\src\public\vgui_controls\messagemap.h(238) : see reference to function template instantiation 'CUtlVector<vgui::MessageMapItem_t,CUtlMemory<T,int>>::CUtlVector(int,int)' being compiled
          with
          [
              T=vgui::MessageMapItem_t
          ]
          c:\users\hp\documents\hl2sb-src\src\public\vgui_controls\messagemap.h(245) : see reference to class template instantiation 'CUtlVector<vgui::MessageMapItem_t,CUtlMemory<T,int>>' being compiled
          with
          [
              T=vgui::MessageMapItem_t
          ]
c:\users\hp\documents\hl2sb-src\src\public\tier1\utlmemory.h(422): error C2228: left of '.name' must have class/struct/union (TreeViewListControl.cpp)
c:\users\hp\documents\hl2sb-src\src\public\tier1\utlmemory.h(422): error C2664: 'CMemAllocAttributeAlloction::CMemAllocAttributeAlloction(const CMemAllocAttributeAlloction &)' : cannot convert argument 1 from 'int' to 'const CMemAllocAttributeAlloction &' (TreeViewListControl.cpp)
          Reason: cannot convert from 'int' to 'const CMemAllocAttributeAlloction'
          No constructor could take the source type, or constructor overload resolution was ambiguous
          c:\users\hp\documents\hl2sb-src\src\vgui2\vgui_controls\predefined c++ types (compiler internal)(127) : see declaration of 'type_info'
          c:\users\hp\documents\hl2sb-src\src\vgui2\vgui_controls\predefined c++ types (compiler internal)(127) : see declaration of 'type_info'
          c:\users\hp\documents\hl2sb-src\src\vgui2\vgui_controls\predefined c++ types (compiler internal)(127) : see declaration of 'type_info'
          c:\users\hp\documents\hl2sb-src\src\vgui2\vgui_controls\predefined c++ types (compiler internal)(127) : see declaration of 'type_info'
          c:\users\hp\documents\hl2sb-src\src\vgui2\vgui_controls\predefined c++ types (compiler internal)(127) : see declaration of 'type_info'
          c:\users\hp\documents\hl2sb-src\src\vgui2\vgui_controls\predefined c++ types (compiler internal)(127) : see declaration of 'type_info'
c:\users\hp\documents\hl2sb-src\src\public\tier1\utlmemory.h(422): error C2027: use of undefined type 'type_info' (TreeView.cpp)
          c:\users\hp\documents\hl2sb-src\src\vgui2\vgui_controls\predefined c++ types (compiler internal)(127) : see declaration of 'type_info'
          c:\users\hp\documents\hl2sb-src\src\public\tier1\utlmemory.h(414) : while compiling class template member function 'CUtlMemory<T,int>::CUtlMemory(int,int)'
          with
          [
              T=vgui::MessageMapItem_t
          ]
          c:\users\hp\documents\hl2sb-src\src\public\tier1\utlvector.h(555) : see reference to function template instantiation 'CUtlMemory<T,int>::CUtlMemory(int,int)' being compiled
          with
          [
              T=vgui::MessageMapItem_t
          ]
          c:\users\hp\documents\hl2sb-src\src\public\tier1\utlvector.h(553) : while compiling class template member function 'CUtlVector<vgui::MessageMapItem_t,CUtlMemory<T,int>>::CUtlVector(int,int)'
          with
          [
              T=vgui::MessageMapItem_t
          ]
          c:\users\hp\documents\hl2sb-src\src\public\vgui_controls\messagemap.h(238) : see reference to function template instantiation 'CUtlVector<vgui::MessageMapItem_t,CUtlMemory<T,int>>::CUtlVector(int,int)' being compiled
          with
          [
              T=vgui::MessageMapItem_t
          ]
          c:\users\hp\documents\hl2sb-src\src\public\vgui_controls\messagemap.h(245) : see reference to class template instantiation 'CUtlVector<vgui::MessageMapItem_t,CUtlMemory<T,int>>' being compiled
          with
          [
              T=vgui::MessageMapItem_t
          ]
c:\users\hp\documents\hl2sb-src\src\public\tier1\utlmemory.h(422): error C2228: left of '.name' must have class/struct/union (TreeView.cpp)
c:\users\hp\documents\hl2sb-src\src\public\tier1\utlmemory.h(422): error C2664: 'CMemAllocAttributeAlloction::CMemAllocAttributeAlloction(const CMemAllocAttributeAlloction &)' : cannot convert argument 1 from 'int' to 'const CMemAllocAttributeAlloction &' (TreeView.cpp)
          Reason: cannot convert from 'int' to 'const CMemAllocAttributeAlloction'
          No constructor could take the source type, or constructor overload resolution was ambiguous
          c:\users\hp\documents\hl2sb-src\src\vgui2\vgui_controls\predefined c++ types (compiler internal)(127) : see declaration of 'type_info'
          c:\users\hp\documents\hl2sb-src\src\vgui2\vgui_controls\predefined c++ types (compiler internal)(127) : see declaration of 'type_info'
          c:\users\hp\documents\hl2sb-src\src\vgui2\vgui_controls\predefined c++ types (compiler internal)(127) : see declaration of 'type_info'
          c:\users\hp\documents\hl2sb-src\src\vgui2\vgui_controls\predefined c++ types (compiler internal)(127) : see declaration of 'type_info'
          c:\users\hp\documents\hl2sb-src\src\vgui2\vgui_controls\predefined c++ types (compiler internal)(127) : see declaration of 'type_info'
          c:\users\hp\documents\hl2sb-src\src\vgui2\vgui_controls\predefined c++ types (compiler internal)(127) : see declaration of 'type_info'
          c:\users\hp\documents\hl2sb-src\src\vgui2\vgui_controls\predefined c++ types (compiler internal)(127) : see declaration of 'type_info'
c:\users\hp\documents\hl2sb-src\src\public\tier1\utlmemory.h(422): error C2027: use of undefined type 'type_info' (WizardPanel.cpp)
          c:\users\hp\documents\hl2sb-src\src\vgui2\vgui_controls\predefined c++ types (compiler internal)(127) : see declaration of 'type_info'
          c:\users\hp\documents\hl2sb-src\src\public\tier1\utlmemory.h(414) : while compiling class template member function 'CUtlMemory<UtlRBTreeNode_t<T,I>,I>::CUtlMemory(int,int)'
          with
          [
              T=CUtlSymbolTable::CStringPoolIndex
  ,            I=unsigned short
          ]
          c:\users\hp\documents\hl2sb-src\src\public\tier1\utlrbtree.h(385) : see reference to function template instantiation 'CUtlMemory<UtlRBTreeNode_t<T,I>,I>::CUtlMemory(int,int)' being compiled
          with
          [
              T=CUtlSymbolTable::CStringPoolIndex
  ,            I=unsigned short
          ]
          c:\users\hp\documents\hl2sb-src\src\public\tier1\utlrbtree.h(378) : while compiling class template member function 'CUtlRBTree<CUtlSymbolTable::CStringPoolIndex,unsigned short,CUtlSymbolTable::CLess,CUtlMemory<UtlRBTreeNode_t<T,I>,I>>::CUtlRBTree(int,int,const CUtlSymbolTable::CLess &)'
          with
          [
              T=CUtlSymbolTable::CStringPoolIndex
  ,            I=unsigned short
          ]
          c:\users\hp\documents\hl2sb-src\src\public\tier1\utlsymbol.h(149) : see reference to function template instantiation 'CUtlRBTree<CUtlSymbolTable::CStringPoolIndex,unsigned short,CUtlSymbolTable::CLess,CUtlMemory<UtlRBTreeNode_t<T,I>,I>>::CUtlRBTree(int,int,const CUtlSymbolTable::CLess &)' being compiled
          with
          [
              T=CUtlSymbolTable::CStringPoolIndex
  ,            I=unsigned short
          ]
          c:\users\hp\documents\hl2sb-src\src\public\tier1\utlsymbol.h(147) : see reference to class template instantiation 'CUtlRBTree<CUtlSymbolTable::CStringPoolIndex,unsigned short,CUtlSymbolTable::CLess,CUtlMemory<UtlRBTreeNode_t<T,I>,I>>' being compiled
          with
          [
              T=CUtlSymbolTable::CStringPoolIndex
  ,            I=unsigned short
          ]
c:\users\hp\documents\hl2sb-src\src\public\tier1\utlmemory.h(422): error C2228: left of '.name' must have class/struct/union (WizardPanel.cpp)
c:\users\hp\documents\hl2sb-src\src\public\tier1\utlmemory.h(422): error C2664: 'CMemAllocAttributeAlloction::CMemAllocAttributeAlloction(const CMemAllocAttributeAlloction &)' : cannot convert argument 1 from 'int' to 'const CMemAllocAttributeAlloction &' (WizardPanel.cpp)
          Reason: cannot convert from 'int' to 'const CMemAllocAttributeAlloction'
          No constructor could take the source type, or constructor overload resolution was ambiguous
          c:\users\hp\documents\hl2sb-src\src\vgui2\vgui_controls\predefined c++ types (compiler internal)(127) : see declaration of 'type_info'
          c:\users\hp\documents\hl2sb-src\src\vgui2\vgui_controls\predefined c++ types (compiler internal)(127) : see declaration of 'type_info'
          c:\users\hp\documents\hl2sb-src\src\vgui2\vgui_controls\predefined c++ types (compiler internal)(127) : see declaration of 'type_info'
          c:\users\hp\documents\hl2sb-src\src\vgui2\vgui_controls\predefined c++ types (compiler internal)(127) : see declaration of 'type_info'
          c:\users\hp\documents\hl2sb-src\src\vgui2\vgui_controls\predefined c++ types (compiler internal)(127) : see declaration of 'type_info'
c:\users\hp\documents\hl2sb-src\src\public\tier1\utlvector.h(714): error C2027: use of undefined type 'type_info' (..\..\vgui2\src\vgui_key_translation.cpp)
          c:\users\hp\documents\hl2sb-src\src\vgui2\vgui_controls\predefined c++ types (compiler internal)(127) : see declaration of 'type_info'
          c:\users\hp\documents\hl2sb-src\src\public\tier1\utlvector.h(711) : while compiling class template member function 'void CUtlVector<char *,CUtlMemory<char *,int>>::GrowVector(int)'
          c:\users\hp\documents\hl2sb-src\src\public\tier1\utlvector.h(879) : see reference to function template instantiation 'void CUtlVector<char *,CUtlMemory<char *,int>>::GrowVector(int)' being compiled
          c:\users\hp\documents\hl2sb-src\src\public\tier1\utlvector.h(681) : while compiling class template member function 'int CUtlVector<char *,CUtlMemory<char *,int>>::Count(void) const'
          c:\users\hp\documents\hl2sb-src\src\public\tier1\utlvector.h(858) : see reference to function template instantiation 'int CUtlVector<char *,CUtlMemory<char *,int>>::Count(void) const' being compiled
          c:\users\hp\documents\hl2sb-src\src\public\tier1\utlvector.h(568) : while compiling class template member function 'CUtlVector<char *,CUtlMemory<char *,int>>::~CUtlVector(void)'
          c:\users\hp\documents\hl2sb-src\src\public\tier1\utlvector.h(1179) : see reference to function template instantiation 'CUtlVector<char *,CUtlMemory<char *,int>>::~CUtlVector(void)' being compiled
          c:\users\hp\documents\hl2sb-src\src\public\tier1\utlvector.h(1176) : see reference to class template instantiation 'CUtlVector<char *,CUtlMemory<char *,int>>' being compiled
          c:\users\hp\documents\hl2sb-src\src\public\tier1\utlvector.h(1188) : see reference to class template instantiation 'CUtlVectorAutoPurge<char *>' being compiled
c:\users\hp\documents\hl2sb-src\src\public\tier1\utlvector.h(714): error C2228: left of '.name' must have class/struct/union (..\..\vgui2\src\vgui_key_translation.cpp)
c:\users\hp\documents\hl2sb-src\src\public\tier1\utlvector.h(714): error C2664: 'CMemAllocAttributeAlloction::CMemAllocAttributeAlloction(const CMemAllocAttributeAlloction &)' : cannot convert argument 1 from 'int' to 'const CMemAllocAttributeAlloction &' (..\..\vgui2\src\vgui_key_translation.cpp)
          Reason: cannot convert from 'int' to 'const CMemAllocAttributeAlloction'
          No constructor could take the source type, or constructor overload resolution was ambiguous
c:\users\hp\documents\hl2sb-src\src\public\tier1\utlmemory.h(422): error C2027: use of undefined type 'type_info' (WizardSubPanel.cpp)
          c:\users\hp\documents\hl2sb-src\src\vgui2\vgui_controls\predefined c++ types (compiler internal)(127) : see declaration of 'type_info'
          c:\users\hp\documents\hl2sb-src\src\public\tier1\utlmemory.h(414) : while compiling class template member function 'CUtlMemory<T,int>::CUtlMemory(int,int)'
          with
          [
              T=vgui::MessageMapItem_t
          ]
          c:\users\hp\documents\hl2sb-src\src\public\tier1\utlvector.h(555) : see reference to function template instantiation 'CUtlMemory<T,int>::CUtlMemory(int,int)' being compiled
          with
          [
              T=vgui::MessageMapItem_t
          ]
          c:\users\hp\documents\hl2sb-src\src\public\tier1\utlvector.h(553) : while compiling class template member function 'CUtlVector<vgui::MessageMapItem_t,CUtlMemory<T,int>>::CUtlVector(int,int)'
          with
          [
              T=vgui::MessageMapItem_t
          ]
          c:\users\hp\documents\hl2sb-src\src\public\vgui_controls\messagemap.h(238) : see reference to function template instantiation 'CUtlVector<vgui::MessageMapItem_t,CUtlMemory<T,int>>::CUtlVector(int,int)' being compiled
          with
          [
              T=vgui::MessageMapItem_t
          ]
          c:\users\hp\documents\hl2sb-src\src\public\vgui_controls\messagemap.h(245) : see reference to class template instantiation 'CUtlVector<vgui::MessageMapItem_t,CUtlMemory<T,int>>' being compiled
          with
          [
              T=vgui::MessageMapItem_t
          ]
c:\users\hp\documents\hl2sb-src\src\public\tier1\utlmemory.h(422): error C2228: left of '.name' must have class/struct/union (WizardSubPanel.cpp)
c:\users\hp\documents\hl2sb-src\src\public\tier1\utlmemory.h(422): error C2664: 'CMemAllocAttributeAlloction::CMemAllocAttributeAlloction(const CMemAllocAttributeAlloction &)' : cannot convert argument 1 from 'int' to 'const CMemAllocAttributeAlloction &' (WizardSubPanel.cpp)
          Reason: cannot convert from 'int' to 'const CMemAllocAttributeAlloction'
          No constructor could take the source type, or constructor overload resolution was ambiguous
          c:\users\hp\documents\hl2sb-src\src\vgui2\vgui_controls\predefined c++ types (compiler internal)(127) : see declaration of 'type_info'
          c:\users\hp\documents\hl2sb-src\src\vgui2\vgui_controls\predefined c++ types (compiler internal)(127) : see declaration of 'type_info'
          c:\users\hp\documents\hl2sb-src\src\vgui2\vgui_controls\predefined c++ types (compiler internal)(127) : see declaration of 'type_info'
          c:\users\hp\documents\hl2sb-src\src\vgui2\vgui_controls\predefined c++ types (compiler internal)(127) : see declaration of 'type_info'
